-- auth
INSERT INTO public.user_roles (role_id, name)
VALUES ('6bb525d0-3911-4851-9b8d-d929a080b609', 'IT_STAFF'),
       ('c4d8f989-0bc5-4c3a-9449-c3db12295a90', 'PLANNING_TECHNICAL_DEPARTMENT_HEAD'),
       ('da4429b4-d7a7-4283-b386-189d69a95af9', 'SURVEY_STAFF'),
       ('a789aaf0-6153-4f30-ac38-b08e859d5fcb', 'ORDER_RECEIVING_STAFF'),
       ('724184e3-456a-4c89-b3c5-b8ab508f80b5', 'FINANCE_DEPARTMENT'),
       ('e9e6f842-9d4d-4a72-ae1b-ed06115a5119', 'CONSTRUCTION_DEPARTMENT_HEAD'),
       ('6844f465-886a-4838-852b-864eb64e7d92', 'CONSTRUCTION_DEPARTMENT_STAFF'),
       ('47c469de-21fd-4a32-a468-01a50f4aced6', 'BUSINESS_DEPARTMENT_HEAD'),
       ('852841cd-8e76-4eea-a7fe-9b15459d5eea', 'METER_INSPECTION_STAFF'),
       ('8ec56833-edd5-4a52-9fc8-256b91e2daca', 'COMPANY_LEADERSHIP');

INSERT INTO public.users (user_id, username, created_at, department_id, electronic_signing_url, email, is_enabled,
                          is_locked,
                          locked_at, locked_reason, updated_at, water_supply_network_id, role_id)
VALUES ('d75e221e-d150-4962-9afb-687062bfbcc8', 'survey_staff1', '2026-03-25 08:45:08.304775',
        '29f12d88-7517-482a-9f44-8d9124443183', 'argear', 'hoana6k44nknd@gmail.com', true, false, null, null,
        '2026-03-25 08:45:08.304775', '550e8400-e29b-41d4-a716-446655440001', 'da4429b4-d7a7-4283-b386-189d69a95af9'),
       ('6e9f757b-6fa1-4aa6-b7cb-a4cf2290eb20', 'test', '2025-09-14 00:00:00.000000',
        'f3c6507c-38d7-463d-8280-975940c61159', 'efsdf', 'ndd1032003@gmail.com', true, false, null, null,
        '2026-03-25 08:45:08.304775', '550e8400-e29b-41d4-a716-446655440001', '6bb525d0-3911-4851-9b8d-d929a080b609'),
       ('14c5879c-a6c4-45a6-846b-39d2b9d8c961', 'pt_head', '2024-03-24 00:00:00.000000',
        '29f12d88-7517-482a-9f44-8d9124443183', 'argear', 'a@gmail.com', true, false, '2026-03-25 08:45:08.304775',
        'eh', '2025-03-12 00:00:00.000000', '550e8400-e29b-41d4-a716-446655440001',
        'c4d8f989-0bc5-4c3a-9449-c3db12295a90'),
       ('c41aff7a-36dc-4910-8336-83f32e6c7c0e', 'cd_head', '2026-03-31 21:40:52.904827',
        '85c2c776-6927-4402-8616-562ec874b321', 'argear', 'b@gmail.com', true, false, null, null,
        '2026-03-31 21:40:52.904827', '550e8400-e29b-41d4-a716-446655440001', 'e9e6f842-9d4d-4a72-ae1b-ed06115a5119'),
       ('2195306e-5a37-4bab-b8b1-d47f1aed4540', 'cd_staff', '2026-03-31 21:46:03.713722',
        '85c2c776-6927-4402-8616-562ec874b321', 'argear', 'd@gmail.com', true, false, null, null,
        '2026-03-31 21:46:03.713722', '550e8400-e29b-41d4-a716-446655440001', '6844f465-886a-4838-852b-864eb64e7d92'),
       ('f20a1a65-e94a-4030-9f17-e97c269dbfec', 'finance', '2026-03-31 22:07:00.825828',
        'e1823908-0125-468b-9831-5079a4055577', 'argear', 'e@gmail.com', true, false, null, null,
        '2026-03-31 22:07:00.825828', '550e8400-e29b-41d4-a716-446655440001', '724184e3-456a-4c89-b3c5-b8ab508f80b5'),
       ('121073a4-998e-4a2b-8a3b-40c07eb94757', 'order_staff', '2026-03-31 22:07:00.825828',
        '29f12d88-7517-482a-9f44-8d9124443183', 'argear', 'c@gmail.com', true, false, null, null,
        '2026-03-31 22:07:00.825828', '550e8400-e29b-41d4-a716-446655440001', 'a789aaf0-6153-4f30-ac38-b08e859d5fcb'),
       ('dec41927-c92d-4bc0-9530-64575e07ec41', 'president_01', '2026-03-31 22:07:00.825828',
        '307791fc-d4b8-4325-bbfb-776ff3605179', 'argear', 'f@gmail.com', true, false, null, null,
        '2026-03-31 22:07:00.825828', '550e8400-e29b-41d4-a716-446655440001', '8ec56833-edd5-4a52-9fc8-256b91e2daca'),
       ('e2c01282-88f9-4173-8b42-825ac9f8531a', 'meter_staff', '2026-03-31 22:29:57.883438',
        'd1767664-9f79-4416-952b-7c78ae1c97a5', 'argear', 'i@gmail.com', true, false, null, null,
        '2026-03-31 22:29:57.883438', '550e8400-e29b-41d4-a716-446655440001', '852841cd-8e76-4eea-a7fe-9b15459d5eea'),
       ('ca8ca261-36ad-4660-b58d-1a950ec861cb', 'b_head', '2026-03-31 22:29:57.883438',
        'd1767664-9f79-4416-952b-7c78ae1c97a5', 'argear', 'h@gmail.com', true, false, null, null,
        '2026-03-31 22:29:57.883438', '550e8400-e29b-41d4-a716-446655440001', '47c469de-21fd-4a32-a468-01a50f4aced6'),
       ('de8bf961-aed1-4b86-898f-32a96e84f8ea', 'president_construction', '2026-03-31 22:29:57.883438',
        '307791fc-d4b8-4325-bbfb-776ff3605179', 'argear', 'g@gmail.com', true, false, null, null,
        '2026-03-31 22:29:57.883438', '550e8400-e29b-41d4-a716-446655440001', '8ec56833-edd5-4a52-9fc8-256b91e2daca'),
       ('f018b804-12fc-41ec-87c1-08b6aa6f542d', 'survey_staff2', '2026-03-31 22:34:53.769677',
        '29f12d88-7517-482a-9f44-8d9124443183', 'argear', 'j@gmail.com', true, false, null, null,
        '2026-03-31 22:34:53.769677', '550e8400-e29b-41d4-a716-446655440001', 'da4429b4-d7a7-4283-b386-189d69a95af9'),
       ('91e130a1-824f-4db7-a073-e35fc24ec96f', 'survey_staff3', '2026-03-31 22:36:35.719576',
        '29f12d88-7517-482a-9f44-8d9124443183', 'argear', 'k@gmail.com', true, false, null, null,
        '2026-03-31 22:36:35.719576', '550e8400-e29b-41d4-a716-446655440001', 'da4429b4-d7a7-4283-b386-189d69a95af9');

INSERT INTO public.profile (user_id, address, avatar_url, birthday, gender, phone_number)
VALUES ('d75e221e-d150-4962-9afb-687062bfbcc8', null, null, null, true, '0949279200'),
       ('6e9f757b-6fa1-4aa6-b7cb-a4cf2290eb20', null, null, null, false, '0949279210'),
       ('14c5879c-a6c4-45a6-846b-39d2b9d8c961', 'HCM', null, '1990-04-04', false, '0900000004'),
       ('c41aff7a-36dc-4910-8336-83f32e6c7c0e', 'DN', null, '1990-05-05', true, '0900000005'),
       ('2195306e-5a37-4bab-b8b1-d47f1aed4540', 'DN', null, '1990-06-06', false, '0900000006'),
       ('f20a1a65-e94a-4030-9f17-e97c269dbfec', 'CT', null, '1990-07-07', true, '0900000007'),
       ('121073a4-998e-4a2b-8a3b-40c07eb94757', 'CT', null, '1990-08-08', false, '0900000008'),
       ('dec41927-c92d-4bc0-9530-64575e07ec41', 'HP', null, '1990-09-09', true, '0900000009'),
       ('e2c01282-88f9-4173-8b42-825ac9f8531a', 'HP', null, '1990-10-10', false, '0900000010'),
       ('ca8ca261-36ad-4660-b58d-1a950ec861cb', null, null, '1990-10-10', false, '0900000011'),
       ('de8bf961-aed1-4b86-898f-32a96e84f8ea', null, null, '1990-10-10', false, '0900000012'),
       ('f018b804-12fc-41ec-87c1-08b6aa6f542d', null, null, '1990-10-10', false, '0900000013'),
       ('91e130a1-824f-4db7-a073-e35fc24ec96f', null, null, '1990-10-10', false, '0900000014');

-- survey_staff1
INSERT INTO public.business_pages_of_employees (page_id, users_user_id)
VALUES ('86088520-f274-4ac2-a94b-b761995abf4a', 'd75e221e-d150-4962-9afb-687062bfbcc8'),
       ('88e1d15b-2407-487f-b4e1-aa96e18f0d85', 'd75e221e-d150-4962-9afb-687062bfbcc8'),
       ('b13d7531-4935-4da6-972e-04bbda46b47a', 'd75e221e-d150-4962-9afb-687062bfbcc8'),
       ('59ae463d-90dd-463e-beae-969df2c66272', 'd75e221e-d150-4962-9afb-687062bfbcc8'),
       ('b81720dd-be50-4b31-8310-9e10f6d98198', 'd75e221e-d150-4962-9afb-687062bfbcc8'),
       ('e617e074-18b1-4f20-8c19-beb815db7406', 'd75e221e-d150-4962-9afb-687062bfbcc8'),
       ('a72a7a72-ef63-4e19-9a1d-294088fd91d1', 'd75e221e-d150-4962-9afb-687062bfbcc8'),
       ('e70256d4-0ceb-4fe6-94bb-78fb2261fd88', 'd75e221e-d150-4962-9afb-687062bfbcc8'),
       ('bff81f4f-e6be-4750-8d4c-fb4d21b903ae', 'd75e221e-d150-4962-9afb-687062bfbcc8');
-- survery_staff2
INSERT INTO public.business_pages_of_employees (page_id, users_user_id)
VALUES ('86088520-f274-4ac2-a94b-b761995abf4a', 'f018b804-12fc-41ec-87c1-08b6aa6f542d'),
       ('88e1d15b-2407-487f-b4e1-aa96e18f0d85', 'f018b804-12fc-41ec-87c1-08b6aa6f542d'),
       ('b13d7531-4935-4da6-972e-04bbda46b47a', 'f018b804-12fc-41ec-87c1-08b6aa6f542d'),
       ('59ae463d-90dd-463e-beae-969df2c66272', 'f018b804-12fc-41ec-87c1-08b6aa6f542d'),
       ('b81720dd-be50-4b31-8310-9e10f6d98198', 'f018b804-12fc-41ec-87c1-08b6aa6f542d'),
       ('e617e074-18b1-4f20-8c19-beb815db7406', 'f018b804-12fc-41ec-87c1-08b6aa6f542d'),
       ('a72a7a72-ef63-4e19-9a1d-294088fd91d1', 'f018b804-12fc-41ec-87c1-08b6aa6f542d'),
       ('e70256d4-0ceb-4fe6-94bb-78fb2261fd88', 'f018b804-12fc-41ec-87c1-08b6aa6f542d'),
       ('bff81f4f-e6be-4750-8d4c-fb4d21b903ae', 'f018b804-12fc-41ec-87c1-08b6aa6f542d');
-- survery_staff3
INSERT INTO public.business_pages_of_employees (page_id, users_user_id)
VALUES ('86088520-f274-4ac2-a94b-b761995abf4a', '91e130a1-824f-4db7-a073-e35fc24ec96f'),
       ('88e1d15b-2407-487f-b4e1-aa96e18f0d85', '91e130a1-824f-4db7-a073-e35fc24ec96f'),
       ('b13d7531-4935-4da6-972e-04bbda46b47a', '91e130a1-824f-4db7-a073-e35fc24ec96f'),
       ('59ae463d-90dd-463e-beae-969df2c66272', '91e130a1-824f-4db7-a073-e35fc24ec96f'),
       ('b81720dd-be50-4b31-8310-9e10f6d98198', '91e130a1-824f-4db7-a073-e35fc24ec96f'),
       ('e617e074-18b1-4f20-8c19-beb815db7406', '91e130a1-824f-4db7-a073-e35fc24ec96f'),
       ('a72a7a72-ef63-4e19-9a1d-294088fd91d1', '91e130a1-824f-4db7-a073-e35fc24ec96f'),
       ('e70256d4-0ceb-4fe6-94bb-78fb2261fd88', '91e130a1-824f-4db7-a073-e35fc24ec96f'),
       ('bff81f4f-e6be-4750-8d4c-fb4d21b903ae', '91e130a1-824f-4db7-a073-e35fc24ec96f');
-- pt_head
INSERT INTO public.business_pages_of_employees (page_id, users_user_id)
VALUES ('86088520-f274-4ac2-a94b-b761995abf4a', '14c5879c-a6c4-45a6-846b-39d2b9d8c961'),
       ('b13d7531-4935-4da6-972e-04bbda46b47a', '14c5879c-a6c4-45a6-846b-39d2b9d8c961'),
       ('b3b1d1ec-9c86-45ff-acb2-31c89b1a748c', '14c5879c-a6c4-45a6-846b-39d2b9d8c961'),
       ('f16aa118-8f06-42c6-93f8-22fd9e06e071', '14c5879c-a6c4-45a6-846b-39d2b9d8c961'),
       ('c3d78a4c-f262-4d16-bee3-ffe0d7c50e78', '14c5879c-a6c4-45a6-846b-39d2b9d8c961'),
       ('94d31724-2d18-4d93-be2a-6a3336fcf0ce', '14c5879c-a6c4-45a6-846b-39d2b9d8c961'),
       ('e617e074-18b1-4f20-8c19-beb815db7406', '14c5879c-a6c4-45a6-846b-39d2b9d8c961'),
       ('bff81f4f-e6be-4750-8d4c-fb4d21b903ae', '14c5879c-a6c4-45a6-846b-39d2b9d8c961');

-- construction
INSERT INTO water_supply_network (branch_id, created_at, name, updated_at)
VALUES ('550e8400-e29b-41d4-a716-446655440001', '2024-01-01 00:00:00', 'Thành phố Nam Định', '2024-01-01 00:00:00'),
       ('550e8400-e29b-41d4-a716-446655440002', '2024-01-01 00:00:00', 'Nhà máy nước Tân Hiệp', '2024-01-01 00:00:00'),
       ('550e8400-e29b-41d4-a716-446655440003', '2024-01-01 00:00:00', 'Nhà máy nước BOO Thủ Đức',
        '2024-01-01 00:00:00'),
       ('550e8400-e29b-41d4-a716-446655440004', '2024-01-01 00:00:00', 'Nhà máy nước Kênh Đông', '2024-01-01 00:00:00'),
       ('550e8400-e29b-41d4-a716-446655440005', '2024-01-01 00:00:00', 'Nhà máy nước Bình An', '2024-01-01 00:00:00'),
       ('550e8400-e29b-41d4-a716-446655440006', '2024-01-01 00:00:00', 'Nhà máy nước Tân Phú', '2024-01-01 00:00:00'),
       ('550e8400-e29b-41d4-a716-446655440007', '2024-01-01 00:00:00', 'Nhà máy nước Ngầm', '2024-01-01 00:00:00'),
       ('550e8400-e29b-41d4-a716-446655440008', '2024-01-01 00:00:00', 'Trạm bơm tăng áp số 1', '2024-01-01 00:00:00'),
       ('550e8400-e29b-41d4-a716-446655440009', '2024-01-01 00:00:00', 'Trạm bơm tăng áp số 2', '2024-01-01 00:00:00'),
       ('550e8400-e29b-41d4-a716-446655440010', '2024-01-01 00:00:00', 'Trạm cấp nước Bình Chánh',
        '2024-01-01 00:00:00'),
       ('550e8400-e29b-41d4-a716-446655440011', '2024-01-01 00:00:00', 'Trạm cấp nước Nhà Bè', '2024-01-01 00:00:00'),
       ('550e8400-e29b-41d4-a716-446655440012', '2024-01-01 00:00:00', 'Trạm cấp nước Cần Giờ', '2024-01-01 00:00:00'),
       ('550e8400-e29b-41d4-a716-446655440013', '2024-01-01 00:00:00', 'Mạng lưới cấp nước Khu Công Nghệ Cao',
        '2024-01-01 00:00:00'),
       ('550e8400-e29b-41d4-a716-446655440014', '2024-01-01 00:00:00', 'Mạng lưới cấp nước Khu Đô Thị Mới Thủ Thiêm',
        '2024-01-01 00:00:00');

INSERT INTO commune (commune_id, created_at, name, type, updated_at)
VALUES ('0f1c0a3a-3c3c-4f33-8c24-7a7c0d6a0001', now(), 'Thị trấn Nam Giang', 'RURAL_COMMUNE', now()),
       ('0f1c0a3a-3c3c-4f33-8c24-7a7c0d6a0002', now(), 'Xã Bình Minh', 'RURAL_COMMUNE', now()),
       ('0f1c0a3a-3c3c-4f33-8c24-7a7c0d6a0003', now(), 'Xã Nam Điền', 'RURAL_COMMUNE', now()),
       ('0f1c0a3a-3c3c-4f33-8c24-7a7c0d6a0004', now(), 'Xã Đồng Sơn', 'RURAL_COMMUNE', now()),
       ('0f1c0a3a-3c3c-4f33-8c24-7a7c0d6a0005', now(), 'Xã Hồng Quang', 'RURAL_COMMUNE', now()),
       ('0f1c0a3a-3c3c-4f33-8c24-7a7c0d6a0006', now(), 'Xã Nam Cường', 'RURAL_COMMUNE', now()),
       ('0f1c0a3a-3c3c-4f33-8c24-7a7c0d6a0007', now(), 'Xã Nam Dương', 'RURAL_COMMUNE', now()),
       ('0f1c0a3a-3c3c-4f33-8c24-7a7c0d6a0008', now(), 'Xã Nam Ninh', 'RURAL_COMMUNE', now()),
       ('0f1c0a3a-3c3c-4f33-8c24-7a7c0d6a0009', now(), 'Xã Nam Hoa', 'RURAL_COMMUNE', now()),
       ('0f1c0a3a-3c3c-4f33-8c24-7a7c0d6a0010', now(), 'Xã Nam Hồng', 'RURAL_COMMUNE', now()),
       ('0f1c0a3a-3c3c-4f33-8c24-7a7c0d6a0011', now(), 'Xã Nam Hùng', 'RURAL_COMMUNE', now()),
       ('0f1c0a3a-3c3c-4f33-8c24-7a7c0d6a0012', now(), 'Xã Nam Lợi', 'RURAL_COMMUNE', now()),
       ('0f1c0a3a-3c3c-4f33-8c24-7a7c0d6a0013', now(), 'Xã Nam Mỹ', 'RURAL_COMMUNE', now()),
       ('0f1c0a3a-3c3c-4f33-8c24-7a7c0d6a0014', now(), 'Xã Nam Thắng', 'RURAL_COMMUNE', now()),
       ('0f1c0a3a-3c3c-4f33-8c24-7a7c0d6a0015', now(), 'Xã Nam Thái', 'RURAL_COMMUNE', now()),
       ('0f1c0a3a-3c3c-4f33-8c24-7a7c0d6a0016', now(), 'Xã Nam Thanh', 'RURAL_COMMUNE', now()),
       ('0f1c0a3a-3c3c-4f33-8c24-7a7c0d6a0017', now(), 'Xã Nam Tiến', 'RURAL_COMMUNE', now()),
       ('0f1c0a3a-3c3c-4f33-8c24-7a7c0d6a0018', now(), 'Xã Nam Toàn', 'RURAL_COMMUNE', now()),
       ('0f1c0a3a-3c3c-4f33-8c24-7a7c0d6a0019', now(), 'Xã Nghĩa An', 'RURAL_COMMUNE', now()),
       ('0f1c0a3a-3c3c-4f33-8c24-7a7c0d6a0020', now(), 'Xã Tân Thịnh', 'RURAL_COMMUNE', now()),
       ('0f1c0a3a-3c3c-4f33-8c24-7a7c0d6a0021', now(), 'Xã Cát Thành', 'RURAL_COMMUNE', now()),
       ('0f1c0a3a-3c3c-4f33-8c24-7a7c0d6a0022', now(), 'Xã Mỹ Hưng', 'RURAL_COMMUNE', now()),
       ('0f1c0a3a-3c3c-4f33-8c24-7a7c0d6a0023', now(), 'Phường Vị Xuyên', 'URBAN_WARD', now()),
       ('0f1c0a3a-3c3c-4f33-8c24-7a7c0d6a0024', now(), 'Phường Trần Tế Xương', 'URBAN_WARD', now()),
       ('0f1c0a3a-3c3c-4f33-8c24-7a7c0d6a0025', now(), 'Phường Cửa Bắc', 'URBAN_WARD', now()),
       ('0f1c0a3a-3c3c-4f33-8c24-7a7c0d6a0026', now(), 'Phường Cửa Nam', 'URBAN_WARD', now()),
       ('0f1c0a3a-3c3c-4f33-8c24-7a7c0d6a0027', now(), 'Phường Vị Hoàng', 'URBAN_WARD', now()),
       ('0f1c0a3a-3c3c-4f33-8c24-7a7c0d6a0028', now(), 'Phường Trần Hưng Đạo', 'URBAN_WARD', now());

INSERT INTO hamlet (hamlet_id, created_at, name, type, updated_at, commune_id)
VALUES ('1a2b3c4d-0001-4a4a-9b9b-aaaaaaaa0001', now(), 'Thôn Bốn', 'HAMLET', now(),
        '0f1c0a3a-3c3c-4f33-8c24-7a7c0d6a0008'),
       ('1a2b3c4d-0001-4a4a-9b9b-aaaaaaaa0002', now(), 'Thôn Cau', 'HAMLET', now(),
        '0f1c0a3a-3c3c-4f33-8c24-7a7c0d6a0008'),
       ('1a2b3c4d-0001-4a4a-9b9b-aaaaaaaa0003', now(), 'Thôn Cầu Ghềnh', 'HAMLET', now(),
        '0f1c0a3a-3c3c-4f33-8c24-7a7c0d6a0008'),
       ('1a2b3c4d-0001-4a4a-9b9b-aaaaaaaa0004', now(), 'Thôn Cầu Thiệu', 'HAMLET', now(),
        '0f1c0a3a-3c3c-4f33-8c24-7a7c0d6a0008'),
       ('1a2b3c4d-0001-4a4a-9b9b-aaaaaaaa0005', now(), 'Thôn Cổ Trang', 'HAMLET', now(),
        '0f1c0a3a-3c3c-4f33-8c24-7a7c0d6a0008'),
       ('1a2b3c4d-0001-4a4a-9b9b-aaaaaaaa0006', now(), 'Thôn Đông Bình', 'HAMLET', now(),
        '0f1c0a3a-3c3c-4f33-8c24-7a7c0d6a0008'),
       ('1a2b3c4d-0001-4a4a-9b9b-aaaaaaaa0007', now(), 'Thôn Hải An', 'HAMLET', now(),
        '0f1c0a3a-3c3c-4f33-8c24-7a7c0d6a0008'),
       ('1a2b3c4d-0001-4a4a-9b9b-aaaaaaaa0008', now(), 'Thôn Mỹ', 'HAMLET', now(),
        '0f1c0a3a-3c3c-4f33-8c24-7a7c0d6a0008'),
       ('1a2b3c4d-0001-4a4a-9b9b-aaaaaaaa0009', now(), 'Thôn Nam Hạ', 'HAMLET', now(),
        '0f1c0a3a-3c3c-4f33-8c24-7a7c0d6a0008'),
       ('1a2b3c4d-0001-4a4a-9b9b-aaaaaaaa0010', now(), 'Thôn Nam Thượng', 'HAMLET', now(),
        '0f1c0a3a-3c3c-4f33-8c24-7a7c0d6a0008'),
       ('1a2b3c4d-0001-4a4a-9b9b-aaaaaaaa0011', now(), 'Thôn Thiệu Dương', 'HAMLET', now(),
        '0f1c0a3a-3c3c-4f33-8c24-7a7c0d6a0008'),
       ('1a2b3c4d-0001-4a4a-9b9b-aaaaaaaa0012', now(), 'Thôn Thượng', 'HAMLET', now(),
        '0f1c0a3a-3c3c-4f33-8c24-7a7c0d6a0008'),
       ('1a2b3c4d-0001-4a4a-9b9b-aaaaaaaa0013', now(), 'Thôn Trà', 'HAMLET', now(),
        '0f1c0a3a-3c3c-4f33-8c24-7a7c0d6a0008'),
       ('1a2b3c4d-0001-4a4a-9b9b-aaaaaaaa0014', now(), 'Thôn Trang Hậu', 'HAMLET', now(),
        '0f1c0a3a-3c3c-4f33-8c24-7a7c0d6a0008'),
       ('1a2b3c4d-0001-4a4a-9b9b-aaaaaaaa0015', now(), 'Thôn Trực Hưng', 'HAMLET', now(),
        '0f1c0a3a-3c3c-4f33-8c24-7a7c0d6a0008'),
       ('1a2b3c4d-0001-4a4a-9b9b-aaaaaaaa0016', now(), 'Thôn Xối Tây', 'HAMLET', now(),
        '0f1c0a3a-3c3c-4f33-8c24-7a7c0d6a0016'),
       ('1a2b3c4d-0001-4a4a-9b9b-aaaaaaaa0017', now(), 'Thôn Nội', 'HAMLET', now(),
        '0f1c0a3a-3c3c-4f33-8c24-7a7c0d6a0016'),
       ('1a2b3c4d-0001-4a4a-9b9b-aaaaaaaa0018', now(), 'Thôn Phú An', 'HAMLET', now(),
        '0f1c0a3a-3c3c-4f33-8c24-7a7c0d6a0021'),
       ('1a2b3c4d-0001-4a4a-9b9b-aaaaaaaa0019', now(), 'Thôn Bắc Sơn', 'HAMLET', now(),
        '0f1c0a3a-3c3c-4f33-8c24-7a7c0d6a0021'),
       ('1a2b3c4d-0001-4a4a-9b9b-aaaaaaaa0020', now(), 'Thôn Bắc Phong', 'HAMLET', now(),
        '0f1c0a3a-3c3c-4f33-8c24-7a7c0d6a0021');

INSERT INTO neighborhood_unit (unit_id, created_at, name, updated_at, commune_id)
VALUES ('2b3c4d5e-1000-4bbb-9ccc-bbbbbbbb0001', now(), 'Xóm 4 (Xã Mỹ Hưng)', now(),
        '0f1c0a3a-3c3c-4f33-8c24-7a7c0d6a0028'),
       ('2b3c4d5e-1000-4bbb-9ccc-bbbbbbbb0002', now(), 'Xóm 1', now(), '0f1c0a3a-3c3c-4f33-8c24-7a7c0d6a0008'),
       ('2b3c4d5e-1000-4bbb-9ccc-bbbbbbbb0003', now(), 'Xóm 2', now(), '0f1c0a3a-3c3c-4f33-8c24-7a7c0d6a0008'),
       ('2b3c4d5e-1000-4bbb-9ccc-bbbbbbbb0004', now(), 'Xóm 3', now(), '0f1c0a3a-3c3c-4f33-8c24-7a7c0d6a0008'),
       ('2b3c4d5e-1000-4bbb-9ccc-bbbbbbbb0005', now(), 'Xóm 4 (Xã Nam Ninh)', now(),
        '0f1c0a3a-3c3c-4f33-8c24-7a7c0d6a0008'),
       ('2b3c4d5e-1000-4bbb-9ccc-bbbbbbbb0006', now(), 'Xóm 5', now(), '0f1c0a3a-3c3c-4f33-8c24-7a7c0d6a0008'),
       ('2b3c4d5e-1000-4bbb-9ccc-bbbbbbbb0007', now(), 'Xóm 6', now(), '0f1c0a3a-3c3c-4f33-8c24-7a7c0d6a0008'),
       ('2b3c4d5e-1000-4bbb-9ccc-bbbbbbbb0008', now(), 'Xóm 7', now(), '0f1c0a3a-3c3c-4f33-8c24-7a7c0d6a0008'),
       ('2b3c4d5e-1000-4bbb-9ccc-bbbbbbbb0009', now(), 'Xóm 8', now(), '0f1c0a3a-3c3c-4f33-8c24-7a7c0d6a0008'),
       ('2b3c4d5e-1000-4bbb-9ccc-bbbbbbbb0010', now(), 'Xóm 9', now(), '0f1c0a3a-3c3c-4f33-8c24-7a7c0d6a0008'),
       ('2b3c4d5e-1000-4bbb-9ccc-bbbbbbbb0011', now(), 'Xóm 10', now(), '0f1c0a3a-3c3c-4f33-8c24-7a7c0d6a0008'),
       ('2b3c4d5e-1000-4bbb-9ccc-bbbbbbbb0012', now(), 'Xóm 11', now(), '0f1c0a3a-3c3c-4f33-8c24-7a7c0d6a0008'),
       ('2b3c4d5e-1000-4bbb-9ccc-bbbbbbbb0013', now(), 'Xóm 12', now(), '0f1c0a3a-3c3c-4f33-8c24-7a7c0d6a0008'),
       ('2b3c4d5e-1000-4bbb-9ccc-bbbbbbbb0014', now(), 'Xóm 13', now(), '0f1c0a3a-3c3c-4f33-8c24-7a7c0d6a0008'),
       ('2b3c4d5e-1000-4bbb-9ccc-bbbbbbbb0015', now(), 'Xóm 14', now(), '0f1c0a3a-3c3c-4f33-8c24-7a7c0d6a0008'),
       ('2b3c4d5e-1000-4bbb-9ccc-bbbbbbbb0016', now(), 'Xóm 15', now(), '0f1c0a3a-3c3c-4f33-8c24-7a7c0d6a0008'),
       ('2b3c4d5e-1000-4bbb-9ccc-bbbbbbbb0017', now(), 'Xóm 16', now(), '0f1c0a3a-3c3c-4f33-8c24-7a7c0d6a0008'),
       ('2b3c4d5e-1000-4bbb-9ccc-bbbbbbbb0018', now(), 'Xóm 17', now(), '0f1c0a3a-3c3c-4f33-8c24-7a7c0d6a0008'),
       ('2b3c4d5e-1000-4bbb-9ccc-bbbbbbbb0019', now(), 'Xóm 18', now(), '0f1c0a3a-3c3c-4f33-8c24-7a7c0d6a0008'),
       ('2b3c4d5e-1000-4bbb-9ccc-bbbbbbbb0020', now(), 'Xóm 19', now(), '0f1c0a3a-3c3c-4f33-8c24-7a7c0d6a0008'),
       ('2b3c4d5e-1000-4bbb-9ccc-bbbbbbbb0021', now(), 'Xóm 20', now(), '0f1c0a3a-3c3c-4f33-8c24-7a7c0d6a0008');

INSERT INTO road (road_id, created_at, name, updated_at)
VALUES ('3c4d5e6f-2000-4ccc-9ddd-cccc4ccc0001', now(), 'KĐT Hòa Vượng', now()),
       ('3c4d5e6f-2000-4ccc-9ddd-cccc4ccc0002', now(), 'KĐT Mỹ Trung', now()),
       ('3c4d5e6f-2000-4ccc-9ddd-cccc4ccc0003', now(), 'KĐT Thống Nhất', now()),
       ('3c4d5e6f-2000-4ccc-9ddd-cccc4ccc0004', now(), 'Đường 38A', now()),
       ('3c4d5e6f-2000-4ccc-9ddd-cccc4ccc0005', now(), 'Bắc Mỹ Tân', now()),
       ('3c4d5e6f-2000-4ccc-9ddd-cccc4ccc0006', now(), 'Đường 10', now()),
       ('3c4d5e6f-2000-4ccc-9ddd-cccc4ccc0007', now(), 'Đệ tứ', now()),
       ('3c4d5e6f-2000-4ccc-9ddd-cccc4ccc0008', now(), 'Nam Mỹ Tân', now()),
       ('3c4d5e6f-2000-4ccc-9ddd-cccc4ccc0009', now(), 'Quốc lộ 10', now()),
       ('3c4d5e6f-2000-4ccc-9ddd-cccc4ccc0010', now(), 'Đường Trần Thừa', now()),
       ('3c4d5e6f-2000-4ccc-9ddd-cccc4ccc0011', now(), 'Trần Thái Tông', now()),
       ('3c4d5e6f-2000-4ccc-9ddd-cccc4ccc0012', now(), 'Hoàng Văn Thái', now()),
       ('3c4d5e6f-2000-4ccc-9ddd-cccc4ccc0013', now(), 'Nguyễn Hữu Huân', now()),
       ('3c4d5e6f-2000-4ccc-9ddd-cccc4ccc0014', now(), 'Đường Nam Ninh Hải', now()),
       ('3c4d5e6f-2000-4ccc-9ddd-cccc4ccc0015', now(), 'Đường 21', now()),
       ('3c4d5e6f-2000-4ccc-9ddd-cccc4ccc0016', now(), 'Đường 21B', now()),
       ('3c4d5e6f-2000-4ccc-9ddd-cccc4ccc0017', now(), 'Đường 488B', now()),
       ('3c4d5e6f-2000-4ccc-9ddd-cccc4ccc0018', now(), 'Đường 53B', now()),
       ('3c4d5e6f-2000-4ccc-9ddd-cccc4ccc0019', now(), 'Cầu Điện Biên', now()),
       ('3c4d5e6f-2000-4ccc-9ddd-cccc4ccc0020', now(), 'Chợ Mới', now()),
       ('3c4d5e6f-2000-4ccc-9ddd-cccc4ccc0021', now(), 'Chợ Cũ Ngõ I+II', now()),
       ('3c4d5e6f-2000-4ccc-9ddd-cccc4ccc0022', now(), 'Cầu Trạm Xá', now());

INSERT INTO laterals (lateral_id, created_at, name, updated_at, water_supply_network_id)
VALUES ('4d5e6f70-3000-4ddd-9eee-dddd4ddd0001', now(), 'A300', now(), NULL),
       ('4d5e6f70-3000-4ddd-9eee-dddd4ddd0002', now(), 'B600m', now(), NULL),
       ('4d5e6f70-3000-4ddd-9eee-dddd4ddd0003', now(), 'A600c', now(), NULL),
       ('4d5e6f70-3000-4ddd-9eee-dddd4ddd0004', now(), 'C400', now(), NULL),
       ('4d5e6f70-3000-4ddd-9eee-dddd4ddd0005', now(), 'Năng Tĩnh', now(), NULL),
       ('4d5e6f70-3000-4ddd-9eee-dddd4ddd0006', now(), 'Cửa Bắc', now(), NULL),
       ('4d5e6f70-3000-4ddd-9eee-dddd4ddd0007', now(), 'Bà Triệu', now(), NULL),
       ('4d5e6f70-3000-4ddd-9eee-dddd4ddd0008', now(), 'Lộc Vượng', now(), NULL),
       ('4d5e6f70-3000-4ddd-9eee-dddd4ddd0009', now(), 'Hạ Long', now(), NULL),
       ('4d5e6f70-3000-4ddd-9eee-dddd4ddd0010', now(), 'Mỹ Tân', now(), NULL),
       ('4d5e6f70-3000-4ddd-9eee-dddd4ddd0011', now(), 'Cấp nước Nam Định', now(), NULL),
       ('4d5e6f70-3000-4ddd-9eee-dddd4ddd0012', now(), 'Lộc Hạ', now(), NULL),
       ('4d5e6f70-3000-4ddd-9eee-dddd4ddd0013', now(), 'Lộc Hòa', now(), NULL),
       ('4d5e6f70-3000-4ddd-9eee-dddd4ddd0014', now(), 'Mỹ Xá', now(), NULL),
       ('4d5e6f70-3000-4ddd-9eee-dddd4ddd0015', now(), 'Thống Nhất', now(), NULL),
       ('4d5e6f70-3000-4ddd-9eee-dddd4ddd0016', now(), 'Trần Tế Xương', now(), NULL),
       ('4d5e6f70-3000-4ddd-9eee-dddd4ddd0017', now(), 'DHT Trực Ninh', now(), NULL),
       ('4d5e6f70-3000-4ddd-9eee-dddd4ddd0018', now(), 'CQ Trực Ninh 1', now(), NULL),
       ('4d5e6f70-3000-4ddd-9eee-dddd4ddd0019', now(), 'Cụm CN', now(), NULL),
       ('4d5e6f70-3000-4ddd-9eee-dddd4ddd0020', now(), 'Xã Ninh Giang', now(), NULL),
       ('4d5e6f70-3000-4ddd-9eee-dddd4ddd0021', now(), 'Xã Cổ Lễ', now(), NULL);

INSERT INTO roadmap (roadmap_id, created_at, name, updated_at, lateral_id, water_supply_network_id)
VALUES ('5e6f7081-4000-4eee-9fff-eeee4eee0001', now(), '108-111-112e', now(), '4d5e6f70-3000-4ddd-9eee-dddd4ddd0002',
        '550e8400-e29b-41d4-a716-446655440001'),
       ('5e6f7081-4000-4eee-9fff-eeee4eee0002', now(), '108-111-112f', now(), '4d5e6f70-3000-4ddd-9eee-dddd4ddd0002',
        '550e8400-e29b-41d4-a716-446655440001'),
       ('5e6f7081-4000-4eee-9fff-eeee4eee0003', now(), '108-111-112g', now(), '4d5e6f70-3000-4ddd-9eee-dddd4ddd0002',
        '550e8400-e29b-41d4-a716-446655440001'),
       ('5e6f7081-4000-4eee-9fff-eeee4eee0004', now(), '06Va', now(), '4d5e6f70-3000-4ddd-9eee-dddd4ddd0001',
        '550e8400-e29b-41d4-a716-446655440001'),
       ('5e6f7081-4000-4eee-9fff-eeee4eee0005', now(), '06Vb', now(), '4d5e6f70-3000-4ddd-9eee-dddd4ddd0001',
        '550e8400-e29b-41d4-a716-446655440001'),
       ('5e6f7081-4000-4eee-9fff-eeee4eee0006', now(), '29Va', now(), '4d5e6f70-3000-4ddd-9eee-dddd4ddd0003',
        '550e8400-e29b-41d4-a716-446655440001'),
       ('5e6f7081-4000-4eee-9fff-eeee4eee0007', now(), '29Vb', now(), '4d5e6f70-3000-4ddd-9eee-dddd4ddd0003',
        '550e8400-e29b-41d4-a716-446655440001'),
       ('5e6f7081-4000-4eee-9fff-eeee4eee0008', now(), '29Vc', now(), '4d5e6f70-3000-4ddd-9eee-dddd4ddd0003',
        '550e8400-e29b-41d4-a716-446655440001'),
       ('5e6f7081-4000-4eee-9fff-eeee4eee0009', now(), '31Va', now(), '4d5e6f70-3000-4ddd-9eee-dddd4ddd0003',
        '550e8400-e29b-41d4-a716-446655440001'),
       ('5e6f7081-4000-4eee-9fff-eeee4eee0010', now(), '31Vb', now(), '4d5e6f70-3000-4ddd-9eee-dddd4ddd0003',
        '550e8400-e29b-41d4-a716-446655440001'),
       ('5e6f7081-4000-4eee-9fff-eeee4eee0011', now(), '31Vc', now(), '4d5e6f70-3000-4ddd-9eee-dddd4ddd0003',
        '550e8400-e29b-41d4-a716-446655440001'),
       ('5e6f7081-4000-4eee-9fff-eeee4eee0012', now(), '08Va', now(), '4d5e6f70-3000-4ddd-9eee-dddd4ddd0001',
        '550e8400-e29b-41d4-a716-446655440001'),
       ('5e6f7081-4000-4eee-9fff-eeee4eee0013', now(), '08Vb', now(), '4d5e6f70-3000-4ddd-9eee-dddd4ddd0001',
        '550e8400-e29b-41d4-a716-446655440001'),
       ('5e6f7081-4000-4eee-9fff-eeee4eee0014', now(), '134a', now(), '4d5e6f70-3000-4ddd-9eee-dddd4ddd0002',
        '550e8400-e29b-41d4-a716-446655440001'),
       ('5e6f7081-4000-4eee-9fff-eeee4eee0015', now(), '134b', now(), '4d5e6f70-3000-4ddd-9eee-dddd4ddd0002',
        '550e8400-e29b-41d4-a716-446655440001'),
       ('5e6f7081-4000-4eee-9fff-eeee4eee0016', now(), '179a', now(), '4d5e6f70-3000-4ddd-9eee-dddd4ddd0002',
        '550e8400-e29b-41d4-a716-446655440001'),
       ('5e6f7081-4000-4eee-9fff-eeee4eee0017', now(), '179b', now(), '4d5e6f70-3000-4ddd-9eee-dddd4ddd0002',
        '550e8400-e29b-41d4-a716-446655440001'),
       ('5e6f7081-4000-4eee-9fff-eeee4eee0018', now(), '188a', now(), '4d5e6f70-3000-4ddd-9eee-dddd4ddd0003',
        '550e8400-e29b-41d4-a716-446655440001'),
       ('5e6f7081-4000-4eee-9fff-eeee4eee0019', now(), '188b', now(), '4d5e6f70-3000-4ddd-9eee-dddd4ddd0003',
        '550e8400-e29b-41d4-a716-446655440001'),
       ('5e6f7081-4000-4eee-9fff-eeee4eee0020', now(), '197-198', now(), '4d5e6f70-3000-4ddd-9eee-dddd4ddd0002',
        '550e8400-e29b-41d4-a716-446655440001'),
       ('5e6f7081-4000-4eee-9fff-eeeeeeee0021', now(), '172a', now(), '4d5e6f70-3000-4ddd-9eee-dddd4ddd0001',
        '550e8400-e29b-41d4-a716-446655440001'),
       ('RM_001', now(), 'Lộ trình Test 001', now(), '4d5e6f70-3000-4ddd-9eee-dddd4ddd0001',
        '550e8400-e29b-41d4-a716-446655440001');

-- device
INSERT INTO public.parameters (param_id, created_at, creator, name, updated_at, updator, value)
VALUES ('00000000-0000-0000-0000-100000000001', NOW(), '6e9f757b-6fa1-4aa6-b7cb-a4cf2290eb20', 'Phí tạo lập hợp đồng',
        NOW(),
        '6e9f757b-6fa1-4aa6-b7cb-a4cf2290eb20', 101),
       ('00000000-0000-0000-0000-100000000002', NOW(), '14c5879c-a6c4-45a6-846b-39d2b9d8c961', 'Phí khảo sát', NOW(),
        '14c5879c-a6c4-45a6-846b-39d2b9d8c961', 102),
       ('00000000-0000-0000-0000-100000000003', NOW(), 'c8357517-3149-41b4-9b2c-881d5a40840a', 'Phí lập đơn lắp đặt',
        NOW(),
        'c8357517-3149-41b4-9b2c-881d5a40840a', 103),
       ('00000000-0000-0000-0000-100000000004', NOW(), 'bd5bc9bb-303d-425f-9f2e-90f83ef75ee8', 'Hệ số chi phí chung',
        NOW(),
        'bd5bc9bb-303d-425f-9f2e-90f83ef75ee8', 104),
       ('00000000-0000-0000-0000-100000000005', NOW(), '1cef2ae0-3151-405c-b717-61be20679d79', 'Hệ số thuế tính trước',
        NOW(),
        '1cef2ae0-3151-405c-b717-61be20679d79', 105),
       ('00000000-0000-0000-0000-100000000006', NOW(), '71bc19b9-4a86-4ff9-aa26-3fc037569cfd', 'Hệ số VAT', NOW(),
        '71bc19b9-4a86-4ff9-aa26-3fc037569cfd', 106),
       ('00000000-0000-0000-0000-100000000007', NOW(), 'eae87df0-7f02-47b9-baa2-ac2bc9ea61fb', 'Hệ số thiết kế', NOW(),
        'eae87df0-7f02-47b9-baa2-ac2bc9ea61fb', 107),
       ('00000000-0000-0000-0000-100000000008', NOW(), 'd4039a01-4408-4fad-8676-05ef81532eb5', 'Phí thiết kế', NOW(),
        'd4039a01-4408-4fad-8676-05ef81532eb5', 108);

INSERT INTO public.materials_group (group_id, created_at, name, updated_at)
VALUES ('00000000-0000-0000-0000-200000000001', NOW(), 'Bu', NOW()),
       ('00000000-0000-0000-0000-200000000002', NOW(), 'Côn', NOW()),
       ('00000000-0000-0000-0000-200000000003', NOW(), 'Công', NOW()),
       ('00000000-0000-0000-0000-200000000004', NOW(), 'Cút', NOW()),
       ('00000000-0000-0000-0000-200000000005', NOW(), 'Đầu bịt', NOW()),
       ('00000000-0000-0000-0000-200000000006', NOW(), 'Đầu gai', NOW()),
       ('00000000-0000-0000-0000-200000000007', NOW(), 'Đồng hồ', NOW()),
       ('00000000-0000-0000-0000-200000000008', NOW(), 'Đai khởi thủy', NOW()),
       ('00000000-0000-0000-0000-200000000009', NOW(), 'Hộp đồng hồ', NOW()),
       ('00000000-0000-0000-0000-200000000010', NOW(), 'Không là vật tư', NOW()),
       ('00000000-0000-0000-0000-200000000011', NOW(), 'Ống', NOW()),
       ('00000000-0000-0000-0000-200000000012', NOW(), 'Măng sông', NOW()),
       ('00000000-0000-0000-0000-200000000013', NOW(), 'Van', NOW()),
       ('00000000-0000-0000-0000-200000000014', NOW(), 'Kép', NOW()),
       ('00000000-0000-0000-0000-200000000020', NOW(), 'Vòi', NOW()),
       ('00000000-0000-0000-0000-200000000021', NOW(), 'Tê', NOW()),
       ('00000000-0000-0000-0000-200000000022', NOW(), 'Rắc co', NOW());

INSERT INTO public.unit (unit_id, created_at, name, updated_at)
VALUES ('00000000-0000-0000-0000-300000000001', NOW(), 'Bình', NOW()),
       ('00000000-0000-0000-0000-300000000002', NOW(), 'Bộ', NOW()),
       ('00000000-0000-0000-0000-300000000003', NOW(), 'Ca', NOW()),
       ('00000000-0000-0000-0000-300000000004', NOW(), 'Cái', NOW()),
       ('00000000-0000-0000-0000-300000000005', NOW(), 'Con', NOW()),
       ('00000000-0000-0000-0000-300000000006', NOW(), 'Công', NOW()),
       ('00000000-0000-0000-0000-300000000007', NOW(), 'Cuộn', NOW()),
       ('00000000-0000-0000-0000-300000000008', NOW(), 'Điểm', NOW()),
       ('00000000-0000-0000-0000-300000000009', NOW(), 'Đoạn', NOW()),
       ('00000000-0000-0000-0000-300000000010', NOW(), 'Đồng', NOW()),
       ('00000000-0000-0000-0000-300000000011', NOW(), 'Hố', NOW()),
       ('00000000-0000-0000-0000-300000000012', NOW(), 'Hộ', NOW()),
       ('00000000-0000-0000-0000-300000000013', NOW(), 'KG', NOW()),
       ('00000000-0000-0000-0000-300000000014', NOW(), 'Lít', NOW()),
       ('00000000-0000-0000-0000-300000000015', NOW(), 'Lon', NOW()),
       ('00000000-0000-0000-0000-300000000016', NOW(), 'Lưỡi', NOW()),
       ('00000000-0000-0000-0000-300000000017', NOW(), 'M2', NOW()),
       ('00000000-0000-0000-0000-300000000018', NOW(), 'M3', NOW()),
       ('00000000-0000-0000-0000-300000000019', NOW(), 'Mét', NOW()),
       ('00000000-0000-0000-0000-300000000020', NOW(), 'Mối', NOW()),
       ('00000000-0000-0000-0000-300000000021', NOW(), 'Ống', NOW()),
       ('00000000-0000-0000-0000-300000000022', NOW(), 'Quyển', NOW()),
       ('00000000-0000-0000-0000-300000000023', NOW(), 'Tấm', NOW()),
       ('00000000-0000-0000-0000-300000000024', NOW(), 'Tuýp', NOW()),
       ('00000000-0000-0000-0000-300000000025', NOW(), 'Viên', NOW()),
       ('00000000-0000-0000-0000-300000000026', NOW(), 'Đợt', NOW());

INSERT INTO public.overall_water_meter (serial, lateral_id, name)
VALUES ('00000000-0000-0000-0000-400000000001', '4d5e6f70-3000-4ddd-9eee-dddddddd0002', '195'),
       ('00000000-0000-0000-0000-400000000002', '4d5e6f70-3000-4ddd-9eee-dddddddd0002', '195 (CQ)'),
       ('00000000-0000-0000-0000-400000000003', '4d5e6f70-3000-4ddd-9eee-dddddddd0001', '14'),
       ('00000000-0000-0000-0000-400000000004', '4d5e6f70-3000-4ddd-9eee-dddddddd0001', '14CQ'),
       ('00000000-0000-0000-0000-400000000005', '4d5e6f70-3000-4ddd-9eee-dddddddd0001', '13'),
       ('00000000-0000-0000-0000-400000000006', '4d5e6f70-3000-4ddd-9eee-dddddddd0001', '07V'),
       ('00000000-0000-0000-0000-400000000007', '4d5e6f70-3000-4ddd-9eee-dddddddd0001', '08V'),
       ('00000000-0000-0000-0000-400000000008', '4d5e6f70-3000-4ddd-9eee-dddddddd0001', '10V'),
       ('00000000-0000-0000-0000-400000000009', '4d5e6f70-3000-4ddd-9eee-dddddddd0001', '06V'),
       ('00000000-0000-0000-0000-400000000010', '4d5e6f70-3000-4ddd-9eee-dddddddd0001', '172');

INSERT INTO public.price_type (price_type_id, area, price)
VALUES ('00000000-0000-0000-0000-500000000001', '1', '{
  "price": 8000,
  "step": 1
}'),
       ('00000000-0000-0000-0000-500000000002', '1', '{
         "price": 9600,
         "step": 2
       }'),
       ('00000000-0000-0000-0000-500000000003', '1', '{
         "price": 11200,
         "step": 3
       }'),
       ('00000000-0000-0000-0000-500000000004', '1', '{
         "price": 11800
       }'),
       ('00000000-0000-0000-0000-500000000005', '1', '{
         "price": 12500
       }'),
       ('00000000-0000-0000-0000-500000000006', '1', '{
         "price": 20000
       }'),
       ('00000000-0000-0000-0000-500000000007', '2', '{
         "price": 7700,
         "step": 1
       }'),
       ('00000000-0000-0000-0000-500000000008', '2', '{
         "price": 9600
       }'),
       ('00000000-0000-0000-0000-500000000009', '2', '{
         "price": 12000
       }'),
       ('00000000-0000-0000-0000-500000000010', '2', '{
         "price": 20000
       }');

INSERT INTO public.material (material_id, labor_code, construction_machinery_price,
                             construction_machinery_price_at_rural_commune, created_at, job_content, labor_price,
                             labor_price_at_rural_commune, price, updated_at, supplies_group_id, calculation_unit_id)
VALUES ('00000000-0000-0000-0000-600000000001', 'DKT225', 0.00, 0.00, NOW(), 'Đai khởi thủy HDPE OD225x1/2"', 0.00,
        0.00, 490000.00, NOW(), '00000000-0000-0000-0000-200000000008', '00000000-0000-0000-0000-300000000004'),
       ('00000000-0000-0000-0000-600000000002', 'TT', 0.00, 0.00, NOW(), 'Băng cao su (2350)', 0.00, 0.00, 2350.00,
        NOW(), '00000000-0000-0000-0000-200000000010', '00000000-0000-0000-0000-300000000007'),
       ('00000000-0000-0000-0000-600000000003', 'tt', 0.00, 0.00, NOW(), 'Băng cao su (3000)', 0.00, 0.00, 3000.00,
        NOW(), '00000000-0000-0000-0000-200000000010', '00000000-0000-0000-0000-300000000007'),
       ('00000000-0000-0000-0000-600000000004', 'TT', 0.00, 0.00, NOW(), 'Bulong mạ kẽm', 0.00, 0.00, 18000.00, NOW(),
        '00000000-0000-0000-0000-200000000001', '00000000-0000-0000-0000-300000000004'),
       ('00000000-0000-0000-0000-600000000005', 'BB.83104', 0.00, 0.00, NOW(), 'Bu bích nhựa HDPE OD90', 0.00, 0.00,
        983248.00, NOW(), '00000000-0000-0000-0000-200000000001', '00000000-0000-0000-0000-300000000004'),
       ('00000000-0000-0000-0000-600000000006', 'BB.83102', 0.00, 0.00, NOW(), 'Bu bích nhựa HDPE OD63x2', 42660.00,
        38394.00, 693000.00, NOW(), '00000000-0000-0000-0000-200000000001', '00000000-0000-0000-0000-300000000004'),
       ('00000000-0000-0000-0000-600000000007', 'BB.83102', 0.00, 0.00, NOW(), 'Bu bích nhựa HDPE OD63x2"', 42660.00,
        38394.00, 693000.00, NOW(), '00000000-0000-0000-0000-200000000001', '00000000-0000-0000-0000-300000000004'),
       ('00000000-0000-0000-0000-600000000008', 'AB.13412', 0.00, 0.00, NOW(), 'Cát đen lấp ống', 0.00, 0.00, 90000.00,
        NOW(), '00000000-0000-0000-0000-200000000010', '00000000-0000-0000-0000-300000000018'),
       ('00000000-0000-0000-0000-600000000009', 'BB.73302', 0.00, 0.00, NOW(), 'Côn Inox DN20x15', 29920.00, 26928.00,
        22600.00, NOW(), '00000000-0000-0000-0000-200000000002', '00000000-0000-0000-0000-300000000004'),
       ('00000000-0000-0000-0000-600000000010', 'BB.73102', 0.00, 0.00, NOW(), 'Côn thép DN20x15', 27336.00, 24602.40,
        6200.00, NOW(), '00000000-0000-0000-0000-200000000002', '00000000-0000-0000-0000-300000000004'),
       ('00000000-0000-0000-0000-600000000011', 'LC-11', 0.00, 0.00, NOW(), 'Ống nhựa HDPE - PE80-OD20 PN12,5', 0.00,
        0.00, 0.00, NOW(), '00000000-0000-0000-0000-200000000011', '00000000-0000-0000-0000-300000000019'),
       ('00000000-0000-0000-0000-600000000012', 'LC-12', 0.00, 0.00, NOW(), 'Măng sông 1 đầu ren trong HDPE OD20x1/2',
        0.00, 0.00, 0.00, NOW(), '00000000-0000-0000-0000-200000000012', '00000000-0000-0000-0000-300000000004'),
       ('00000000-0000-0000-0000-600000000013', 'LC-13', 0.00, 0.00, NOW(), 'Ống thép tráng kẽm DN15', 0.00, 0.00, 0.00,
        NOW(), '00000000-0000-0000-0000-200000000011', '00000000-0000-0000-0000-300000000019'),
       ('00000000-0000-0000-0000-600000000014', 'LC-14', 0.00, 0.00, NOW(),
        'Đồng hồ đo nước MultimagS DN15 cấp C (đã bao gồm phí kiểm định ĐH)', 0.00, 0.00, 0.00, NOW(),
        '00000000-0000-0000-0000-200000000007', '00000000-0000-0000-0000-300000000004'),
       ('00000000-0000-0000-0000-600000000015', 'LC-15', 0.00, 0.00, NOW(),
        'Van góc đồng có van 1 chiều hiệu MIHA DN15', 0.00, 0.00, 0.00, NOW(), '00000000-0000-0000-0000-200000000013',
        '00000000-0000-0000-0000-300000000004'),
       ('00000000-0000-0000-0000-600000000016', 'LC-16', 0.00, 0.00, NOW(),
        'Van góc đồng không có van 1 chiều hiệu MIHA DN15', 0.00, 0.00, 0.00, NOW(),
        '00000000-0000-0000-0000-200000000013', '00000000-0000-0000-0000-300000000004'),
       ('00000000-0000-0000-0000-600000000017', 'LC-17', 0.00, 0.00, NOW(), 'Hộp nhựa bảo vệ đồng hồ KT: 350x150x170',
        0.00, 0.00, 0.00, NOW(), '00000000-0000-0000-0000-200000000009', '00000000-0000-0000-0000-300000000004'),
       ('00000000-0000-0000-0000-600000000018', 'LC-18', 0.00, 0.00, NOW(), 'Cút Côn Inox 90 độ DN20x15', 0.00, 0.00,
        0.00, NOW(), '00000000-0000-0000-0000-200000000004', '00000000-0000-0000-0000-300000000004'),
       ('00000000-0000-0000-0000-600000000019', 'LC-19', 0.00, 0.00, NOW(), 'Kép inox DN15', 0.00, 0.00, 0.00, NOW(),
        '00000000-0000-0000-0000-200000000014', '00000000-0000-0000-0000-300000000004'),
       ('00000000-0000-0000-0000-600000000020', 'LC-20', 0.00, 0.00, NOW(), 'Cút Inox 90 độ DN15', 0.00, 0.00, 0.00,
        NOW(), '00000000-0000-0000-0000-200000000004', '00000000-0000-0000-0000-300000000004'),
       ('00000000-0000-0000-0000-600000000021', 'LC-21', 0.00, 0.00, NOW(), 'Vòi hợp kim DN15', 0.00, 0.00, 0.00, NOW(),
        '00000000-0000-0000-0000-200000000020', '00000000-0000-0000-0000-300000000004'),
       ('00000000-0000-0000-0000-600000000022', 'LC-22', 0.00, 0.00, NOW(), 'Kép tiện inox 304 DN15 (L = 10cm)', 0.00,
        0.00, 0.00, NOW(), '00000000-0000-0000-0000-200000000014', '00000000-0000-0000-0000-300000000009'),
       ('00000000-0000-0000-0000-600000000023', 'LC-23', 0.00, 0.00, NOW(), 'Nhân công lấp cát đen', 0.00, 0.00, 0.00,
        NOW(), '00000000-0000-0000-0000-200000000003', '00000000-0000-0000-0000-300000000018'),
       ('00000000-0000-0000-0000-600000000024', 'LC-24', 0.00, 0.00, NOW(), 'Nhân công vận chuyển vật tư', 0.00, 0.00,
        0.00, NOW(), '00000000-0000-0000-0000-200000000003', '00000000-0000-0000-0000-300000000026'),
       ('00000000-0000-0000-0000-600000000025', 'LC-25', 0.00, 0.00, NOW(), 'Nước thất thoát', 0.00, 0.00, 0.00, NOW(),
        '00000000-0000-0000-0000-200000000010', '00000000-0000-0000-0000-300000000018'),
       ('00000000-0000-0000-0000-600000000026', 'LC-26', 0.00, 0.00, NOW(),
        'Nhân công nghiệm thu, kẹp chì, bàn giao đưa vào quản lý, sử dụng', 0.00, 0.00, 0.00, NOW(),
        '00000000-0000-0000-0000-200000000003', '00000000-0000-0000-0000-300000000006'),
       ('00000000-0000-0000-0000-600000000027', 'LC-27', 0.00, 0.00, NOW(), 'Đại khởi thủy HDPE OD40x1/2"', 0.00, 0.00,
        0.00, NOW(), '00000000-0000-0000-0000-200000000008', '00000000-0000-0000-0000-300000000004'),
       ('00000000-0000-0000-0000-600000000028', 'LC-28', 0.00, 0.00, NOW(), 'Nhân công đào đất cấp 3', 0.00, 0.00, 0.00,
        NOW(), '00000000-0000-0000-0000-200000000003', '00000000-0000-0000-0000-300000000018'),
       ('00000000-0000-0000-0000-600000000029', 'LC-29', 0.00, 0.00, NOW(), 'Ống nhựa HDPE - PE80-OD25 PN10', 0.00,
        0.00, 0.00, NOW(), '00000000-0000-0000-0000-200000000011', '00000000-0000-0000-0000-300000000019'),
       ('00000000-0000-0000-0000-600000000030', 'LC-30', 0.00, 0.00, NOW(), 'Tê Nhựa 25 x 25 Malaysia', 0.00, 0.00,
        0.00, NOW(), '00000000-0000-0000-0000-200000000021', '00000000-0000-0000-0000-300000000004'),
       ('00000000-0000-0000-0000-600000000031', 'LC-31', 0.00, 0.00, NOW(), 'Măng sông nhựa HDPE OD 20x20 Malaysia',
        0.00, 0.00, 0.00, NOW(), '00000000-0000-0000-0000-200000000012', '00000000-0000-0000-0000-300000000004'),
       ('00000000-0000-0000-0000-600000000032', 'LC-32', 0.00, 0.00, NOW(), 'Măng sông', 0.00, 0.00, 0.00, NOW(),
        '00000000-0000-0000-0000-200000000012', '00000000-0000-0000-0000-300000000004'),
       ('00000000-0000-0000-0000-600000000033', 'LC-33', 0.00, 0.00, NOW(), 'Van 2 chiều hiệu MIHA DN15', 0.00, 0.00,
        0.00, NOW(), '00000000-0000-0000-0000-200000000013', '00000000-0000-0000-0000-300000000004'),
       ('00000000-0000-0000-0000-600000000034', 'LC-34', 0.00, 0.00, NOW(), 'Van 1 chiều hiệu MIHA DN15', 0.00, 0.00,
        0.00, NOW(), '00000000-0000-0000-0000-200000000013', '00000000-0000-0000-0000-300000000004'),
       ('00000000-0000-0000-0000-600000000035', 'LC-35', 0.00, 0.00, NOW(), 'Hộp nhựa bảo vệ đồng hồ KT: 400x200x200',
        0.00, 0.00, 0.00, NOW(), '00000000-0000-0000-0000-200000000009', '00000000-0000-0000-0000-300000000004'),
       ('00000000-0000-0000-0000-600000000036', 'LC-36', 0.00, 0.00, NOW(), 'Cút Inox 90 độ DN15 - 1 đầu ren ngoài',
        0.00, 0.00, 0.00, NOW(), '00000000-0000-0000-0000-200000000004', '00000000-0000-0000-0000-300000000004'),
       ('00000000-0000-0000-0000-600000000037', 'LC-37', 0.00, 0.00, NOW(), 'Măng sông thép DN 15', 0.00, 0.00, 0.00,
        NOW(), '00000000-0000-0000-0000-200000000012', '00000000-0000-0000-0000-300000000004'),
       ('00000000-0000-0000-0000-600000000038', 'LC-38', 0.00, 0.00, NOW(), 'Rắc co đồng hồ DN15', 0.00, 0.00, 0.00,
        NOW(), '00000000-0000-0000-0000-200000000022', '00000000-0000-0000-0000-300000000004'),
       ('00000000-0000-0000-0000-600000000039', 'LC-39', 0.00, 0.00, NOW(), 'Hợp đồng lắp đặt đồng hồ', 0.00, 0.00,
        0.00, NOW(), '00000000-0000-0000-0000-200000000010', '00000000-0000-0000-0000-300000000004');

INSERT INTO public.water_meter_type (type_id, created_at, diameter, max_index, meter_model, name, origin, qmin, qn, qt,
                                     size, updated_at)
VALUES ('00000000-0000-0000-0000-900000000001', NOW(), 100.0, '999999', 'WPD-DN100', 'Sensus', 'Sensus', '1.5', '2.5',
        '3.5', 100, NOW()),
       ('00000000-0000-0000-0000-900000000002', NOW(), 50.0, '999999', 'DN50 cấp B', 'Woltek', 'Woltek', '1.5', '2.5',
        '3.5', 50, NOW()),
       ('00000000-0000-0000-0000-900000000003', NOW(), 25.0, '999999', 'DN25 cấp C', 'Flodis', 'Flodis', '1.5', '2.5',
        '3.5', 25, NOW()),
       ('00000000-0000-0000-0000-900000000004', NOW(), 32.0, '999999', 'DN32 cấp C', 'Flodis', 'Flodis', '1.5', '2.5',
        '3.5', 32, NOW()),
       ('00000000-0000-0000-0000-900000000005', NOW(), 50.0, '999999', 'DN50 cấp C', 'Flostar', 'Flostar', '1.5', '2.5',
        '3.5', 50, NOW()),
       ('00000000-0000-0000-0000-900000000006', NOW(), 15.0, '999999', 'Mẫu tiêu chuẩn', 'Woltex', 'Indonesia', '1.5',
        '2.5', '3.5', 15, NOW()),
       ('00000000-0000-0000-0000-900000000007', NOW(), 25.0, '999999', 'Tốc độ-Đa tia',
        'Đồng hồ đo nước Multimag Cyble', 'Itron', '1.5', '2.5', '3.5', 25, NOW()),
       ('00000000-0000-0000-0000-900000000008', NOW(), 15.0, '999999',
        'Đồng hồ CD SD Plus là đồng hồ đơn tia mặt số khô', 'Đồng hồ đo nước Maddalena-Italia DN15 Cấp C', 'Italia',
        '1.5', '2.5', '10.0', 15, NOW()),
       ('00000000-0000-0000-0000-900000000009', NOW(), 15.0, '999999', 'Mẫu tiêu chuẩn', 'Bồ Đào Nha', 'Bồ Đào Nha',
        '1.5', '2.5', '3.5', 15, NOW()),
       ('00000000-0000-0000-0000-900000000010', NOW(), 15.0, '999999', 'Mẫu tiêu chuẩn', 'Kent KSM (bảo dưỡng)',
        'Malaysia', '1.5', '2.5', '3.5', 15, NOW()),
       ('00000000-0000-0000-0000-900000000011', NOW(), 15.0, '999999', 'Sima', 'Multimag S - Cấp C', 'PHÁP', '1.5',
        '2.5', '3.5', 15, NOW()),
       ('00000000-0000-0000-0000-900000000012', NOW(), 32.0, '999999', 'Mẫu tiêu chuẩn', 'Multimag (32)', 'Pháp', '1.5',
        '2.5', '3.5', 32, NOW()),
       ('00000000-0000-0000-0000-900000000013', NOW(), 50.0, '999999', 'Mẫu tiêu chuẩn',
        'Đồng hồ đo nước hãng Itron hiệu Woltex cấp B', 'Pháp', '1.5', '2.5', '3.5', 50, NOW()),
       ('00000000-0000-0000-0000-900000000014', NOW(), 15.0, '999999', 'cơ điện tử', 'Thái Aichi', 'Thái Lan', '1.5',
        '2.5', '3.5', 15, NOW()),
       ('00000000-0000-0000-0000-900000000015', NOW(), 15.0, '999999', 'Mẫu tiêu chuẩn', 'Pháp Multimag', 'Pháp', '1.5',
        '2.5', '3.5', 15, NOW()),
       ('00000000-0000-0000-0000-900000000016', NOW(), 15.0, '999999', 'Mẫu tiêu chuẩn', 'Arad-Israel', 'Israel', '1.5',
        '2.5', '3.5', 15, NOW()),
       ('00000000-0000-0000-0000-900000000017', NOW(), 15.0, '999999', 'Mẫu tiêu chuẩn', 'Klepsan - Cấp C',
        'Thổ Nhĩ Kỳ', '1.5', '2.5', '3.5', 15, NOW()),
       ('00000000-0000-0000-0000-900000000018', NOW(), 15.0, '999999', 'Mẫu tiêu chuẩn', 'Malaysia Ken', 'Malaysia',
        '1.5', '2.5', '3.5', 15, NOW()),
       ('00000000-0000-0000-0000-900000000019', NOW(), 15.0, '999999', 'Mẫu tiêu chuẩn', 'Đồng hồ xuất xứ từ Đức',
        'Đức', '1.5', '2.5', '3.5', 15, NOW()),
       ('00000000-0000-0000-0000-900000000020', NOW(), 15.0, '999999', 'Mẫu tiêu chuẩn', 'Quốc Phòng', 'Quốc Phòng',
        '1.5', '2.5', '3.5', 15, NOW());

INSERT INTO public.water_meter (meter_code, installation_date, size, water_meter_type_id)
VALUES ('00000000-0000-0000-0000-A00000000001', '2023-01-01', 21, '00000000-0000-0000-0000-900000000001'),
       ('00000000-0000-0000-0000-A00000000002', '2023-01-01', 22, '00000000-0000-0000-0000-900000000002'),
       ('00000000-0000-0000-0000-A00000000003', '2023-01-01', 23, '00000000-0000-0000-0000-900000000003'),
       ('00000000-0000-0000-0000-A00000000004', '2023-01-01', 24, '00000000-0000-0000-0000-900000000004'),
       ('00000000-0000-0000-0000-A00000000005', '2023-01-01', 25, '00000000-0000-0000-0000-900000000005'),
       ('00000000-0000-0000-0000-A00000000006', '2023-01-01', 26, '00000000-0000-0000-0000-900000000006'),
       ('00000000-0000-0000-0000-A00000000007', '2023-01-01', 27, '00000000-0000-0000-0000-900000000007'),
       ('00000000-0000-0000-0000-A00000000008', '2023-01-01', 28, '00000000-0000-0000-0000-900000000008'),
       ('00000000-0000-0000-0000-A00000000009', '2023-01-01', 29, '00000000-0000-0000-0000-900000000009'),
       ('00000000-0000-0000-0000-A00000000010', '2023-01-01', 30, '00000000-0000-0000-0000-900000000010'),
       ('00000000-0000-0000-0000-A00000000011', '2023-01-01', 31, '00000000-0000-0000-0000-900000000011'),
       ('00000000-0000-0000-0000-A00000000012', '2023-01-01', 32, '00000000-0000-0000-0000-900000000012'),
       ('00000000-0000-0000-0000-A00000000013', '2023-01-01', 33, '00000000-0000-0000-0000-900000000013'),
       ('00000000-0000-0000-0000-A00000000014', '2023-01-01', 34, '00000000-0000-0000-0000-900000000014'),
       ('00000000-0000-0000-0000-A00000000015', '2023-01-01', 35, '00000000-0000-0000-0000-900000000015');

INSERT INTO public.water_price (price_id, application_period, created_at, description, environment_price,
                                expiration_date, tax, updated_at, usage_target)
VALUES ('00000000-0000-0000-0000-B00000000001', '2018-01-01', NOW(), 'Giá nước sinh hoạt dân cư mức 1 khu vực 1', 10.00,
        '2019-01-01', 400000.00, NOW(), 'DOMESTIC'),
       ('00000000-0000-0000-0000-B00000000005', '2019-02-01', NOW(), 'Giá nước sinh hoạt dân cư mức 2 khu vực 1', 10.00,
        '2019-04-01', 480000.00, NOW(), 'DOMESTIC'),
       ('00000000-0000-0000-0000-B00000000009', '2019-05-01', NOW(), 'Giá nước sinh hoạt dân cư mức 3 khu vực 1', 10.00,
        '2019-06-01', 560000.00, NOW(), 'DOMESTIC'),
       ('00000000-0000-0000-0000-B00000000013', '2019-07-01', NOW(), 'Giá nước sinh hoạt dân cư khu vực 2', 10.00,
        '2050-01-01', 385000.00, NOW(), 'DOMESTIC'),
       ('00000000-0000-0000-0000-B00000000002', '2018-01-01', NOW(), 'Giá nước hành chính sự nghiệp khu vực 1', 10.00,
        '2019-01-01', 590000.00, NOW(), 'INSTITUTIONAL'),
       ('00000000-0000-0000-0000-B00000000006', '2019-02-01', NOW(), 'Giá nước hành chính sự nghiệp khu vực 2', 10.00,
        '2019-04-01', 480000.00, NOW(), 'INSTITUTIONAL'),
       ('00000000-0000-0000-0000-B00000000003', '2018-01-01', NOW(), 'Giá nước sản xuất vật chất khu vực 1', 10.00,
        '2019-01-01', 625000.00, NOW(), 'INDUSTRIAL'),
       ('00000000-0000-0000-0000-B00000000007', '2019-02-01', NOW(), 'Giá nước sản xuất vật chất khu vực 2', 10.00,
        '2019-04-01', 500000.00, NOW(), 'INDUSTRIAL'),
       ('00000000-0000-0000-0000-B00000000004', '2018-01-01', NOW(), 'Giá nước kinh doanh dịch vụ khu vực 1', 10.00,
        '2019-01-01', 1000000.00, NOW(), 'COMMERCIAL'),
       ('00000000-0000-0000-0000-B00000000008', '2019-02-01', NOW(), 'Giá nước kinh doanh dịch vụ khu vực 2', 10.00,
        '2019-04-01', 1000000.00, NOW(), 'COMMERCIAL');

INSERT INTO public.water_price_price_types (water_price_price_id, price_types_price_type_id)
VALUES ('00000000-0000-0000-0000-B00000000001', '00000000-0000-0000-0000-500000000001'),
       ('00000000-0000-0000-0000-B00000000001', '00000000-0000-0000-0000-500000000002'),
       ('00000000-0000-0000-0000-B00000000001', '00000000-0000-0000-0000-500000000003'),
       ('00000000-0000-0000-0000-B00000000005', '00000000-0000-0000-0000-500000000002'),
       ('00000000-0000-0000-0000-B00000000009', '00000000-0000-0000-0000-500000000003'),
       ('00000000-0000-0000-0000-B00000000013', '00000000-0000-0000-0000-500000000007'),
       ('00000000-0000-0000-0000-B00000000002', '00000000-0000-0000-0000-500000000004'),
       ('00000000-0000-0000-0000-B00000000006', '00000000-0000-0000-0000-500000000008'),
       ('00000000-0000-0000-0000-B00000000003', '00000000-0000-0000-0000-500000000005'),
       ('00000000-0000-0000-0000-B00000000007', '00000000-0000-0000-0000-500000000009'),
       ('00000000-0000-0000-0000-B00000000004', '00000000-0000-0000-0000-500000000006'),
       ('00000000-0000-0000-0000-B00000000008', '00000000-0000-0000-0000-500000000010');

-- organization
INSERT INTO public.business_page (page_id, activate, creator, name, updator)
VALUES ('86088520-f274-4ac2-a94b-b761995abf4a', true, 'admin', 'Trang chủ', 'admin'),
       ('4c3cdd22-5018-482c-bc34-51331e7167a9', true, 'admin', 'Lập hợp đồng cấp nước mới', 'admin'),
       ('b4758afc-f456-4538-aabe-3d09a4591f34', true, 'admin', 'Đơn lắp đặt mới', 'admin'),
       ('b13d7531-4935-4da6-972e-04bbda46b47a', true, 'admin', 'Tra cứu đơn lắp đặt mới', 'admin'),
       ('88e1d15b-2407-487f-b4e1-aa96e18f0d85', true, 'admin', 'Tra cứu khách hàng', 'admin'),
       ('ceedf230-1a7a-4c9d-b0c1-ce635d301ff3', true, 'admin', 'Khôi phục khách hàng hủy', 'admin'),
       ('739f3f11-6947-4135-98ed-f3e59e790d1b', true, 'admin', 'Nhập khách hàng mới', 'admin'),
       ('f16aa118-8f06-42c6-93f8-22fd9e06e071', true, 'admin', 'Danh sách đơn chờ dự toán', 'admin'),
       ('f16aa118-8f06-42c6-93f8-22fd9e06e072', true, 'admin', 'Danh sách đơn chờ duyệt dự toán', 'admin'),
       ('c3d78a4c-f262-4d16-bee3-ffe0d7c50e78', true, 'admin', 'Danh sách đơn từ chối duyệt dự toán', 'admin'),
       ('94d31724-2d18-4d93-be2a-6a3336fcf0ce', true, 'admin', 'Danh sách đơn đã phân công khảo sát', 'admin'),
       ('9a8a209a-b8d5-44e1-b7ab-7ed6a5e6e37c', true, 'admin', 'Danh sách khách hàng gọi điện', 'admin'),
       ('59ae463d-90dd-463e-beae-969df2c66272', true, 'admin', 'Xử lý đơn chờ thiết kế & Thiết kế', 'admin'),
       ('b3b1d1ec-9c86-45ff-acb2-31c89b1a748c', true, 'admin', 'Phân công khảo sát thiết kế', 'admin'),
       ('8b209371-21bf-4721-a390-12d1dcfc5d98', true, 'admin', 'Duyệt dự toán', 'admin'),
       ('b81720dd-be50-4b31-8310-9e10f6d98198', true, 'admin', 'Chạy dự toán', 'admin'),
       ('e617e074-18b1-4f20-8c19-beb815db7406', true, 'admin', 'Tra cứu dự toán', 'admin'),
       ('a72a7a72-ef63-4e19-9a1d-294088fd91d1', true, 'admin', 'Quản lý mẫu bốc vật tư', 'admin'),
       ('88384dc8-2150-44f9-9691-202794fb00e2', true, 'admin', 'Tra cứu quyết toán', 'admin'),
       ('e70256d4-0ceb-4fe6-94bb-78fb2261fd88', true, 'admin', 'Kiểm tra chỉ số bằng hình ảnh', 'admin'),
       ('bff81f4f-e6be-4750-8d4c-fb4d21b903ae', true, 'admin', 'Hồ sơ khách hàng', 'admin');

INSERT INTO public.department (department_id, name, phone_number)
VALUES ('29f12d88-7517-482a-9f44-8d9124443183', 'Phòng Kế hoạch Kỹ Thuật', '02283638708'),
       ('85c2c776-6927-4402-8616-562ec874b321', 'Phòng Thi công', null),
       ('d1767664-9f79-4416-952b-7c70ae1c97a5', 'Phòng Kinh doanh', null),
       ('e1823908-0125-468b-9831-5079a4055577', 'Phòng Tài vụ', null),
       ('f3c6507c-38d7-463d-8280-975940c61159', 'Phòng Tin học', '02283636681'),
       ('c1494541-d306-444f-a0e2-763435163353', 'Chi nhánh Kinh doanh NS NĐ', null),
       ('8be4d048-52c6-4d7a-85eb-515456f93796', 'Chi nhánh cấp nước số 1 Trực Ninh', null),
       ('56c9a752-ce67-4648-9f17-5788e0c83a71', 'Chi nhánh cấp nước Vụ Bản', null),
       ('9482d83b-3d60-4963-9d10-388656128038', 'Chi nhánh cấp nước Ý Yên', null),
       ('b7201c13-7521-4d92-9721-e73087282855', 'Chi nhánh cấp nước số 2 Trực Ninh', null),
       ('4a94625d-20d8-4a57-beba-4e9411333e7e', 'Phòng Quản lý dự án đầu tư', null),
       ('10580977-873b-4876-857c-882d4918a56f', 'Phòng Thanh tra xử lý', null),
       ('a8497645-0371-468e-a2f0-e69676e19194', 'Chi nhánh chống thất thoát', null),
       ('307791fc-d4b8-4325-bbfb-776ff3605179', 'Lãnh đạo', null);

INSERT INTO public.job (job_id, created_at, name, updated_at)
VALUES ('2420a323-e180-4927-b956-654761026048', CURRENT_TIMESTAMP, 'Cấp quản lý xem báo cáo', CURRENT_TIMESTAMP),
       ('b450503c-e30d-45be-803e-ac3226756811', CURRENT_TIMESTAMP, 'Chỉnh giá trên dự toán', CURRENT_TIMESTAMP),
       ('8718a38c-a113-4395-97df-036113b246a4', CURRENT_TIMESTAMP, 'Chỉnh sửa chỉ số đầu', CURRENT_TIMESTAMP),
       ('c374665f-4a65-4d08-8e68-8de1b369c762', CURRENT_TIMESTAMP, 'Đội trưởng thi công', CURRENT_TIMESTAMP),
       ('f8b63116-419b-43d9-9596-f9e421e428df', CURRENT_TIMESTAMP, 'Ghi thu', CURRENT_TIMESTAMP),
       ('4b35e298-2a78-4573-8c46-8f8303036006', CURRENT_TIMESTAMP, 'Giám đốc chi nhánh', CURRENT_TIMESTAMP),
       ('a785311e-8d02-4091-af5e-88091152a513', CURRENT_TIMESTAMP, 'In hóa đơn', CURRENT_TIMESTAMP),
       ('0586026a-9366-48c3-982e-9d821215b22b', CURRENT_TIMESTAMP, 'Nhân viên chống thất thoát', CURRENT_TIMESTAMP),
       ('93268800-410a-4876-b333-662369656828', CURRENT_TIMESTAMP, 'Nhân viên đi ghi', CURRENT_TIMESTAMP),
       ('18177579-2475-4702-a164-9685652613b1', CURRENT_TIMESTAMP, 'Nhân viên kế hoạch', CURRENT_TIMESTAMP),
       ('065842c2-8025-4c07-bc7e-976402422731', CURRENT_TIMESTAMP, 'Nhân viên kiểm tra', CURRENT_TIMESTAMP),
       ('d8d21c38-8924-4061-827d-c36399996614', CURRENT_TIMESTAMP, 'Nhân viên kỹ thuật', CURRENT_TIMESTAMP),
       ('56475704-5001-443b-a25e-e47573677461', CURRENT_TIMESTAMP, 'Nhân viên nghiệm thu công trình',
        CURRENT_TIMESTAMP),
       ('2060377b-665e-49b4-825e-d21820625406', CURRENT_TIMESTAMP, 'Nhân viên sửa chữa', CURRENT_TIMESTAMP),
       ('09492160-c3d3-467a-b924-cc0985550c60', CURRENT_TIMESTAMP, 'Nhân viên thi công', CURRENT_TIMESTAMP),
       ('50212f45-0370-4322-a7d5-d14300329759', CURRENT_TIMESTAMP, 'Nhân viên thu tiền nước', CURRENT_TIMESTAMP),
       ('47585141-9496-4148-8df5-e1150495368a', CURRENT_TIMESTAMP, 'Nhân viên văn phòng', CURRENT_TIMESTAMP),
       ('0a082087-0b13-491b-b72e-848821958210', CURRENT_TIMESTAMP, 'Nhập chỉ số đồng hồ', CURRENT_TIMESTAMP),
       ('0684277b-7b06-4475-8162-817651877607', CURRENT_TIMESTAMP, 'Nhập khách hàng và phân lộ trình',
        CURRENT_TIMESTAMP),
       ('36526154-1296-4660-8488-842230006322', CURRENT_TIMESTAMP, 'Phó giám đốc chi nhánh', CURRENT_TIMESTAMP),
       ('06085521-1221-4470-8255-888461741517', CURRENT_TIMESTAMP, 'Phó phòng', CURRENT_TIMESTAMP),
       ('96336688-2122-4462-8114-118833989911', CURRENT_TIMESTAMP, 'Quản trị hệ thống', CURRENT_TIMESTAMP),
       ('55266155-5221-4471-8963-229944118822', CURRENT_TIMESTAMP, 'Thay đồng hồ', CURRENT_TIMESTAMP),
       ('44115599-2288-4433-7744-996633221144', CURRENT_TIMESTAMP, 'Thiết kế dự toán', CURRENT_TIMESTAMP),
       ('88552211-1144-4477-8855-663322114477', CURRENT_TIMESTAMP, 'Trưởng phòng', CURRENT_TIMESTAMP);
