-- auth
INSERT INTO public.user_roles (role_id, name)
VALUES ('6bb525d0-3911-4851-9b8d-d929a080b609', 'IT_STAFF'),
       ('c4d8f989-0bc5-4c3a-9449-c3db12295a90', 'PLANNING_TECHNICAL_DEPARTMENT_HEAD'),
       ('da4429b4-d7a7-4283-b386-189d69a95af9', 'SURVEY_STAFF'),
       ('a789aaf0-6153-4f30-ac38-b08e859d5fcb', 'ORDER_RECEIVING_STAFF'),
       ('724184e3-456a-4c89-b3c5-b8ab508f80b5', 'FINANCE_DEPARTMENT'),
       ('e9e6f842-9d4d-4a72-ae1b-ed06115a5119', 'CONSTRUCTION_DEPARTMENT_HEAD'),
       ('6844f465-886a-4838-852b-864eb64e7d92', 'CONSTRUCTION_DEPARTMENT_STAFF'),
       ('47c469de-21fd-4a32-a468-01a50f4aced6', 'BUSINESS_DEPARTMENT_HEAD'),
       ('852841cd-8e76-4eea-a7fe-9b15459d5eea', 'METER_INSPECTION_STAFF'),
       ('8ec56833-edd5-4a52-9fc8-256b91e2daca', 'COMPANY_LEADERSHIP');

INSERT INTO public.users (user_id, username, created_at, department_id, electronic_signing_url, email, is_enabled,
                          is_locked,
                          locked_at, locked_reason, updated_at, water_supply_network_id, role_id)
VALUES ('d75e221e-d150-4962-9afb-687062bfbcc8', 'survey_staff1', '2026-03-25 08:45:08.304775',
        '29f12d88-7517-482a-9f44-8d9124443183', 'argear', 'hoana6k44nknd@gmail.com', true, false, null, null,
        '2026-03-25 08:45:08.304775', '550e8400-e29b-41d4-a716-446655440001', 'da4429b4-d7a7-4283-b386-189d69a95af9'),
       ('6e9f757b-6fa1-4aa6-b7cb-a4cf2290eb20', 'test', '2025-09-14 00:00:00.000000',
        'f3c6507c-38d7-463d-8280-975940c61159', 'efsdf', 'ndd1032003@gmail.com', true, false, null, null,
        '2026-03-25 08:45:08.304775', '550e8400-e29b-41d4-a716-446655440001', '6bb525d0-3911-4851-9b8d-d929a080b609'),
       ('14c5879c-a6c4-45a6-846b-39d2b9d8c961', 'pt_head', '2024-03-24 00:00:00.000000',
        '29f12d88-7517-482a-9f44-8d9124443183', 'argear', 'a@gmail.com', true, false, '2026-03-25 08:45:08.304775',
        'eh', '2025-03-12 00:00:00.000000', '550e8400-e29b-41d4-a716-446655440001',
        'c4d8f989-0bc5-4c3a-9449-c3db12295a90'),
       ('c41aff7a-36dc-4910-8336-83f32e6c7c0e', 'cd_head', '2026-03-31 21:40:52.904827',
        '85c2c776-6927-4402-8616-562ec874b321', 'argear', 'b@gmail.com', true, false, null, null,
        '2026-03-31 21:40:52.904827', '550e8400-e29b-41d4-a716-446655440001', 'e9e6f842-9d4d-4a72-ae1b-ed06115a5119'),
       ('2195306e-5a37-4bab-b8b1-d47f1aed4540', 'cd_staff', '2026-03-31 21:46:03.713722',
        '85c2c776-6927-4402-8616-562ec874b321', 'argear', 'd@gmail.com', true, false, null, null,
        '2026-03-31 21:46:03.713722', '550e8400-e29b-41d4-a716-446655440001', '6844f465-886a-4838-852b-864eb64e7d92'),
       ('f20a1a65-e94a-4030-9f17-e97c269dbfec', 'finance', '2026-03-31 22:07:00.825828',
        'e1823908-0125-468b-9831-5079a4055577', 'argear', 'e@gmail.com', true, false, null, null,
        '2026-03-31 22:07:00.825828', '550e8400-e29b-41d4-a716-446655440001', '724184e3-456a-4c89-b3c5-b8ab508f80b5'),
       ('121073a4-998e-4a2b-8a3b-40c07eb94757', 'order_staff', '2026-03-31 22:07:00.825828',
        '29f12d88-7517-482a-9f44-8d9124443183', 'argear', 'c@gmail.com', true, false, null, null,
        '2026-03-31 22:07:00.825828', '550e8400-e29b-41d4-a716-446655440001', 'a789aaf0-6153-4f30-ac38-b08e859d5fcb'),
       ('dec41927-c92d-4bc0-9530-64575e07ec41', 'president_01', '2026-03-31 22:07:00.825828',
        '307791fc-d4b8-4325-bbfb-776ff3605179', 'argear', 'f@gmail.com', true, false, null, null,
        '2026-03-31 22:07:00.825828', '550e8400-e29b-41d4-a716-446655440001', '8ec56833-edd5-4a52-9fc8-256b91e2daca'),
       ('e2c01282-88f9-4173-8b42-825ac9f8531a', 'meter_staff', '2026-03-31 22:29:57.883438',
        'd1767664-9f79-4416-952b-7c78ae1c97a5', 'argear', 'i@gmail.com', true, false, null, null,
        '2026-03-31 22:29:57.883438', '550e8400-e29b-41d4-a716-446655440001', '852841cd-8e76-4eea-a7fe-9b15459d5eea'),
       ('ca8ca261-36ad-4660-b58d-1a950ec861cb', 'b_head', '2026-03-31 22:29:57.883438',
        'd1767664-9f79-4416-952b-7c78ae1c97a5', 'argear', 'h@gmail.com', true, false, null, null,
        '2026-03-31 22:29:57.883438', '550e8400-e29b-41d4-a716-446655440001', '47c469de-21fd-4a32-a468-01a50f4aced6'),
       ('de8bf961-aed1-4b86-898f-32a96e84f8ea', 'president_construction', '2026-03-31 22:29:57.883438',
        '307791fc-d4b8-4325-bbfb-776ff3605179', 'argear', 'g@gmail.com', true, false, null, null,
        '2026-03-31 22:29:57.883438', '550e8400-e29b-41d4-a716-446655440001', '8ec56833-edd5-4a52-9fc8-256b91e2daca'),
       ('f018b804-12fc-41ec-87c1-08b6aa6f542d', 'survey_staff2', '2026-03-31 22:34:53.769677',
        '29f12d88-7517-482a-9f44-8d9124443183', 'argear', 'j@gmail.com', true, false, null, null,
        '2026-03-31 22:34:53.769677', '550e8400-e29b-41d4-a716-446655440001', 'da4429b4-d7a7-4283-b386-189d69a95af9'),
       ('91e138a1-824f-4db7-a073-e35fc24ec96f', 'survey_staff3', '2026-03-31 22:36:35.719576',
        '29f12d88-7517-482a-9f44-8d9124443183', 'argear', 'k@gmail.com', true, false, null, null,
        '2026-03-31 22:36:35.719576', '550e8400-e29b-41d4-a716-446655440001', 'da4429b4-d7a7-4283-b386-189d69a95af9');

INSERT INTO public.profile (user_id, address, avatar_url, birthday, gender, phone_number)
VALUES ('d75e221e-d150-4962-9afb-687062bfbcc8', null, null, null, true, '0949279200'),
       ('6e9f757b-6fa1-4aa6-b7cb-a4cf2290eb20', null, null, null, false, '0949279210'),
       ('14c5879c-a6c4-45a6-846b-39d2b9d8c961', 'HCM', null, '1990-04-04', false, '0900000004'),
       ('c41aff7a-36dc-4910-8336-83f32e6c7c0e', 'DN', null, '1990-05-05', true, '0900000005'),
       ('2195306e-5a37-4bab-b8b1-d47f1aed4540', 'DN', null, '1990-06-06', false, '0900000006'),
       ('f20a1a65-e94a-4030-9f17-e97c269dbfec', 'CT', null, '1990-07-07', true, '0900000007'),
       ('121073a4-998e-4a2b-8a3b-40c07eb94757', 'CT', null, '1990-08-08', false, '0900000008'),
       ('dec41927-c92d-4bc0-9530-64575e07ec41', 'HP', null, '1990-09-09', true, '0900000009'),
       ('e2c01282-88f9-4173-8b42-825ac9f8531a', 'HP', null, '1990-10-10', false, '0900000010'),
       ('ca8ca261-36ad-4660-b58d-1a950ec861cb', null, null, '1990-10-10', false, '0900000011'),
       ('de8bf961-aed1-4b86-898f-32a96e84f8ea', null, null, '1990-10-10', false, '0900000012'),
       ('f018b804-12fc-41ec-87c1-08b6aa6f542d', null, null, '1990-10-10', false, '0900000013'),
       ('91e138a1-824f-4db7-a073-e35fc24ec96f', null, null, '1990-10-10', false, '0900000014');

-- survey_staff1
INSERT INTO public.business_pages_of_employees (page_id, users_user_id)
VALUES ('86088520-f274-4ac2-a94b-b761995abf4a', 'd75e221e-d150-4962-9afb-687062bfbcc8'),
       ('88e1d15b-2407-487f-b4e1-aa96e18f0d85', 'd75e221e-d150-4962-9afb-687062bfbcc8'),
       ('b13d7531-4935-4da6-972e-04bbda46b47a', 'd75e221e-d150-4962-9afb-687062bfbcc8'),
       ('59ae463d-90dd-463e-beae-969df2c66272', 'd75e221e-d150-4962-9afb-687062bfbcc8'),
       ('b81720dd-be50-4b31-8310-9e10f6d98198', 'd75e221e-d150-4962-9afb-687062bfbcc8'),
       ('e617e074-18b1-4f20-8c19-beb815db7406', 'd75e221e-d150-4962-9afb-687062bfbcc8'),
       ('a72a7a72-ef63-4e19-9a1d-294088fd91d1', 'd75e221e-d150-4962-9afb-687062bfbcc8'),
       ('e70256d4-0ceb-4fe6-94bb-78fb2261fd88', 'd75e221e-d150-4962-9afb-687062bfbcc8'),
       ('bff81f4f-e6be-4750-8d4c-fb4d21b903ae', 'd75e221e-d150-4962-9afb-687062bfbcc8');
-- survery_staff2
INSERT INTO public.business_pages_of_employees (page_id, users_user_id)
VALUES ('86088520-f274-4ac2-a94b-b761995abf4a', 'f018b804-12fc-41ec-87c1-08b6aa6f542d'),
       ('88e1d15b-2407-487f-b4e1-aa96e18f0d85', 'f018b804-12fc-41ec-87c1-08b6aa6f542d'),
       ('b13d7531-4935-4da6-972e-04bbda46b47a', 'f018b804-12fc-41ec-87c1-08b6aa6f542d'),
       ('59ae463d-90dd-463e-beae-969df2c66272', 'f018b804-12fc-41ec-87c1-08b6aa6f542d'),
       ('b81720dd-be50-4b31-8310-9e10f6d98198', 'f018b804-12fc-41ec-87c1-08b6aa6f542d'),
       ('e617e074-18b1-4f20-8c19-beb815db7406', 'f018b804-12fc-41ec-87c1-08b6aa6f542d'),
       ('a72a7a72-ef63-4e19-9a1d-294088fd91d1', 'f018b804-12fc-41ec-87c1-08b6aa6f542d'),
       ('e70256d4-0ceb-4fe6-94bb-78fb2261fd88', 'f018b804-12fc-41ec-87c1-08b6aa6f542d'),
       ('bff81f4f-e6be-4750-8d4c-fb4d21b903ae', 'f018b804-12fc-41ec-87c1-08b6aa6f542d');
-- survery_staff3
INSERT INTO public.business_pages_of_employees (page_id, users_user_id)
VALUES ('86088520-f274-4ac2-a94b-b761995abf4a', '91e138a1-824f-4db7-a073-e35fc24ec96f'),
       ('88e1d15b-2407-487f-b4e1-aa96e18f0d85', '91e138a1-824f-4db7-a073-e35fc24ec96f'),
       ('b13d7531-4935-4da6-972e-04bbda46b47a', '91e138a1-824f-4db7-a073-e35fc24ec96f'),
       ('59ae463d-90dd-463e-beae-969df2c66272', '91e138a1-824f-4db7-a073-e35fc24ec96f'),
       ('b81720dd-be50-4b31-8310-9e10f6d98198', '91e138a1-824f-4db7-a073-e35fc24ec96f'),
       ('e617e074-18b1-4f20-8c19-beb815db7406', '91e138a1-824f-4db7-a073-e35fc24ec96f'),
       ('a72a7a72-ef63-4e19-9a1d-294088fd91d1', '91e138a1-824f-4db7-a073-e35fc24ec96f'),
       ('e70256d4-0ceb-4fe6-94bb-78fb2261fd88', '91e138a1-824f-4db7-a073-e35fc24ec96f'),
       ('bff81f4f-e6be-4750-8d4c-fb4d21b903ae', '91e138a1-824f-4db7-a073-e35fc24ec96f');
-- pt_head
INSERT INTO public.business_pages_of_employees (page_id, users_user_id)
VALUES ('86088520-f274-4ac2-a94b-b761995abf4a', '14c5879c-a6c4-45a6-846b-39d2b9d8c961'),
       ('b13d7531-4935-4da6-972e-04bbda46b47a', '14c5879c-a6c4-45a6-846b-39d2b9d8c961'),
       ('b3b1d1ec-9c86-45ff-acb2-31c89b1a748c', '14c5879c-a6c4-45a6-846b-39d2b9d8c961'),
       ('f16aa118-8f06-42c6-93f8-22fd9e06e071', '14c5879c-a6c4-45a6-846b-39d2b9d8c961'),
       ('c3d78a4c-f262-4d16-bee3-ffe0d7c50e78', '14c5879c-a6c4-45a6-846b-39d2b9d8c961'),
       ('94d31724-2d18-4d93-be2a-6a3336fcf0ce', '14c5879c-a6c4-45a6-846b-39d2b9d8c961'),
       ('e617e074-18b1-4f20-8c19-beb815db7406', '14c5879c-a6c4-45a6-846b-39d2b9d8c961'),
       ('bff81f4f-e6be-4750-8d4c-fb4d21b903ae', '14c5879c-a6c4-45a6-846b-39d2b9d8c961');
