INSERT INTO public.parameters (param_id, created_at, creator, name, updated_at, updator, value) VALUES
('00000000-0000-0000-0000-100000000001', NOW(), '6e9f757b-6fa1-4aa6-b7cb-a4cf2290eb20', 'Param 1', NOW(), '6e9f757b-6fa1-4aa6-b7cb-a4cf2290eb20', 101),
('00000000-0000-0000-0000-100000000002', NOW(), '14c5879c-a6c4-45a6-846b-39d2b9d8c961', 'Param 2', NOW(), '14c5879c-a6c4-45a6-846b-39d2b9d8c961', 102),
('00000000-0000-0000-0000-100000000003', NOW(), 'c8357517-3149-41b4-9b2c-881d5a40840a', 'Param 3', NOW(), 'c8357517-3149-41b4-9b2c-881d5a40840a', 103),
('00000000-0000-0000-0000-100000000004', NOW(), 'bd5bc9bb-303d-425f-9f2e-90f83ef75ee8', 'Param 4', NOW(), 'bd5bc9bb-303d-425f-9f2e-90f83ef75ee8', 104),
('00000000-0000-0000-0000-100000000005', NOW(), '1cef2ae0-3151-405c-b717-61be20679d79', 'Param 5', NOW(), '1cef2ae0-3151-405c-b717-61be20679d79', 105),
('00000000-0000-0000-0000-100000000006', NOW(), '71bc19b9-4a86-4ff9-aa26-3fc037569cfd', 'Param 6', NOW(), '71bc19b9-4a86-4ff9-aa26-3fc037569cfd', 106),
('00000000-0000-0000-0000-100000000007', NOW(), 'eae87df0-7f02-47b9-baa2-ac2bc9ea61fb', 'Param 7', NOW(), 'eae87df0-7f02-47b9-baa2-ac2bc9ea61fb', 107),
('00000000-0000-0000-0000-100000000008', NOW(), 'd4039a01-4408-4fad-8676-05ef81532eb5', 'Param 8', NOW(), 'd4039a01-4408-4fad-8676-05ef81532eb5', 108),
('00000000-0000-0000-0000-100000000009', NOW(), 'e6876430-7145-4e43-aac3-dd53ca4f068a', 'Param 9', NOW(), 'e6876430-7145-4e43-aac3-dd53ca4f068a', 109),
('00000000-0000-0000-0000-100000000010', NOW(), '67d04cc3-b4b8-44b9-ba41-91a1e477617a', 'Param 10', NOW(), '67d04cc3-b4b8-44b9-ba41-91a1e477617a', 110),
('00000000-0000-0000-0000-100000000011', NOW(), '6e9f757b-6fa1-4aa6-b7cb-a4cf2290eb20', 'Param 11', NOW(), '6e9f757b-6fa1-4aa6-b7cb-a4cf2290eb20', 111),
('00000000-0000-0000-0000-100000000012', NOW(), '14c5879c-a6c4-45a6-846b-39d2b9d8c961', 'Param 12', NOW(), '14c5879c-a6c4-45a6-846b-39d2b9d8c961', 112),
('00000000-0000-0000-0000-100000000013', NOW(), 'c8357517-3149-41b4-9b2c-881d5a40840a', 'Param 13', NOW(), 'c8357517-3149-41b4-9b2c-881d5a40840a', 113),
('00000000-0000-0000-0000-100000000014', NOW(), 'bd5bc9bb-303d-425f-9f2e-90f83ef75ee8', 'Param 14', NOW(), 'bd5bc9bb-303d-425f-9f2e-90f83ef75ee8', 114),
('00000000-0000-0000-0000-100000000015', NOW(), '1cef2ae0-3151-405c-b717-61be20679d79', 'Param 15', NOW(), '1cef2ae0-3151-405c-b717-61be20679d79', 115);

INSERT INTO public.materials_group (group_id, created_at, name, updated_at) VALUES
('00000000-0000-0000-0000-200000000001', NOW(), 'Group 1', NOW()),
('00000000-0000-0000-0000-200000000002', NOW(), 'Group 2', NOW()),
('00000000-0000-0000-0000-200000000003', NOW(), 'Group 3', NOW()),
('00000000-0000-0000-0000-200000000004', NOW(), 'Group 4', NOW()),
('00000000-0000-0000-0000-200000000005', NOW(), 'Group 5', NOW()),
('00000000-0000-0000-0000-200000000006', NOW(), 'Group 6', NOW()),
('00000000-0000-0000-0000-200000000007', NOW(), 'Group 7', NOW()),
('00000000-0000-0000-0000-200000000008', NOW(), 'Group 8', NOW()),
('00000000-0000-0000-0000-200000000009', NOW(), 'Group 9', NOW()),
('00000000-0000-0000-0000-200000000010', NOW(), 'Group 10', NOW()),
('00000000-0000-0000-0000-200000000011', NOW(), 'Group 11', NOW()),
('00000000-0000-0000-0000-200000000012', NOW(), 'Group 12', NOW()),
('00000000-0000-0000-0000-200000000013', NOW(), 'Group 13', NOW()),
('00000000-0000-0000-0000-200000000014', NOW(), 'Group 14', NOW()),
('00000000-0000-0000-0000-200000000015', NOW(), 'Group 15', NOW());

INSERT INTO public.unit (unit_id, created_at, name, updated_at) VALUES
('00000000-0000-0000-0000-300000000001', NOW(), 'Unit 1', NOW()),
('00000000-0000-0000-0000-300000000002', NOW(), 'Unit 2', NOW()),
('00000000-0000-0000-0000-300000000003', NOW(), 'Unit 3', NOW()),
('00000000-0000-0000-0000-300000000004', NOW(), 'Unit 4', NOW()),
('00000000-0000-0000-0000-300000000005', NOW(), 'Unit 5', NOW()),
('00000000-0000-0000-0000-300000000006', NOW(), 'Unit 6', NOW()),
('00000000-0000-0000-0000-300000000007', NOW(), 'Unit 7', NOW()),
('00000000-0000-0000-0000-300000000008', NOW(), 'Unit 8', NOW()),
('00000000-0000-0000-0000-300000000009', NOW(), 'Unit 9', NOW()),
('00000000-0000-0000-0000-300000000010', NOW(), 'Unit 10', NOW()),
('00000000-0000-0000-0000-300000000011', NOW(), 'Unit 11', NOW()),
('00000000-0000-0000-0000-300000000012', NOW(), 'Unit 12', NOW()),
('00000000-0000-0000-0000-300000000013', NOW(), 'Unit 13', NOW()),
('00000000-0000-0000-0000-300000000014', NOW(), 'Unit 14', NOW()),
('00000000-0000-0000-0000-300000000015', NOW(), 'Unit 15', NOW());

INSERT INTO public.overall_water_meter (meter_code, lateral_id, name) VALUES
('00000000-0000-0000-0000-400000000001', 'LAT1', 'Overall Meter 1'),
('00000000-0000-0000-0000-400000000002', 'LAT2', 'Overall Meter 2'),
('00000000-0000-0000-0000-400000000003', 'LAT3', 'Overall Meter 3'),
('00000000-0000-0000-0000-400000000004', 'LAT4', 'Overall Meter 4'),
('00000000-0000-0000-0000-400000000005', 'LAT5', 'Overall Meter 5'),
('00000000-0000-0000-0000-400000000006', 'LAT6', 'Overall Meter 6'),
('00000000-0000-0000-0000-400000000007', 'LAT7', 'Overall Meter 7'),
('00000000-0000-0000-0000-400000000008', 'LAT8', 'Overall Meter 8'),
('00000000-0000-0000-0000-400000000009', 'LAT9', 'Overall Meter 9'),
('00000000-0000-0000-0000-400000000010', 'LAT10', 'Overall Meter 10'),
('00000000-0000-0000-0000-400000000011', 'LAT11', 'Overall Meter 11'),
('00000000-0000-0000-0000-400000000012', 'LAT12', 'Overall Meter 12'),
('00000000-0000-0000-0000-400000000013', 'LAT13', 'Overall Meter 13'),
('00000000-0000-0000-0000-400000000014', 'LAT14', 'Overall Meter 14'),
('00000000-0000-0000-0000-400000000015', 'LAT15', 'Overall Meter 15');

INSERT INTO public.price_type (price_type_id, area, price) VALUES
('00000000-0000-0000-0000-500000000001', 'Area 1', '{"base": 100, "vat": 10}'),
('00000000-0000-0000-0000-500000000002', 'Area 2', '{"base": 100, "vat": 10}'),
('00000000-0000-0000-0000-500000000003', 'Area 3', '{"base": 100, "vat": 10}'),
('00000000-0000-0000-0000-500000000004', 'Area 4', '{"base": 100, "vat": 10}'),
('00000000-0000-0000-0000-500000000005', 'Area 5', '{"base": 100, "vat": 10}'),
('00000000-0000-0000-0000-500000000006', 'Area 6', '{"base": 100, "vat": 10}'),
('00000000-0000-0000-0000-500000000007', 'Area 7', '{"base": 100, "vat": 10}'),
('00000000-0000-0000-0000-500000000008', 'Area 8', '{"base": 100, "vat": 10}'),
('00000000-0000-0000-0000-500000000009', 'Area 9', '{"base": 100, "vat": 10}'),
('00000000-0000-0000-0000-500000000010', 'Area 10', '{"base": 100, "vat": 10}'),
('00000000-0000-0000-0000-500000000011', 'Area 11', '{"base": 100, "vat": 10}'),
('00000000-0000-0000-0000-500000000012', 'Area 12', '{"base": 100, "vat": 10}'),
('00000000-0000-0000-0000-500000000013', 'Area 13', '{"base": 100, "vat": 10}'),
('00000000-0000-0000-0000-500000000014', 'Area 14', '{"base": 100, "vat": 10}'),
('00000000-0000-0000-0000-500000000015', 'Area 15', '{"base": 100, "vat": 10}');

INSERT INTO public.material (material_id, labor_code, construction_machinery_price, construction_machinery_price_at_rural_commune, created_at, job_content, labor_price, labor_price_at_rural_commune, price, updated_at, supplies_group_id, calculation_unit_id) VALUES
('00000000-0000-0000-0000-600000000001', 'LC-1', 1000.00, 900.00, NOW(), 'Job 1', 500.00, 450.00, 2000.00, NOW(), '00000000-0000-0000-0000-200000000001', '00000000-0000-0000-0000-300000000001'),
('00000000-0000-0000-0000-600000000002', 'LC-2', 1000.00, 900.00, NOW(), 'Job 2', 500.00, 450.00, 2000.00, NOW(), '00000000-0000-0000-0000-200000000002', '00000000-0000-0000-0000-300000000002'),
('00000000-0000-0000-0000-600000000003', 'LC-3', 1000.00, 900.00, NOW(), 'Job 3', 500.00, 450.00, 2000.00, NOW(), '00000000-0000-0000-0000-200000000003', '00000000-0000-0000-0000-300000000003'),
('00000000-0000-0000-0000-600000000004', 'LC-4', 1000.00, 900.00, NOW(), 'Job 4', 500.00, 450.00, 2000.00, NOW(), '00000000-0000-0000-0000-200000000004', '00000000-0000-0000-0000-300000000004'),
('00000000-0000-0000-0000-600000000005', 'LC-5', 1000.00, 900.00, NOW(), 'Job 5', 500.00, 450.00, 2000.00, NOW(), '00000000-0000-0000-0000-200000000005', '00000000-0000-0000-0000-300000000005'),
('00000000-0000-0000-0000-600000000006', 'LC-6', 1000.00, 900.00, NOW(), 'Job 6', 500.00, 450.00, 2000.00, NOW(), '00000000-0000-0000-0000-200000000006', '00000000-0000-0000-0000-300000000006'),
('00000000-0000-0000-0000-600000000007', 'LC-7', 1000.00, 900.00, NOW(), 'Job 7', 500.00, 450.00, 2000.00, NOW(), '00000000-0000-0000-0000-200000000007', '00000000-0000-0000-0000-300000000007'),
('00000000-0000-0000-0000-600000000008', 'LC-8', 1000.00, 900.00, NOW(), 'Job 8', 500.00, 450.00, 2000.00, NOW(), '00000000-0000-0000-0000-200000000008', '00000000-0000-0000-0000-300000000008'),
('00000000-0000-0000-0000-600000000009', 'LC-9', 1000.00, 900.00, NOW(), 'Job 9', 500.00, 450.00, 2000.00, NOW(), '00000000-0000-0000-0000-200000000009', '00000000-0000-0000-0000-300000000009'),
('00000000-0000-0000-0000-600000000010', 'LC-10', 1000.00, 900.00, NOW(), 'Job 10', 500.00, 450.00, 2000.00, NOW(), '00000000-0000-0000-0000-200000000010', '00000000-0000-0000-0000-300000000010'),
('00000000-0000-0000-0000-600000000011', 'LC-11', 1000.00, 900.00, NOW(), 'Job 11', 500.00, 450.00, 2000.00, NOW(), '00000000-0000-0000-0000-200000000011', '00000000-0000-0000-0000-300000000011'),
('00000000-0000-0000-0000-600000000012', 'LC-12', 1000.00, 900.00, NOW(), 'Job 12', 500.00, 450.00, 2000.00, NOW(), '00000000-0000-0000-0000-200000000012', '00000000-0000-0000-0000-300000000012'),
('00000000-0000-0000-0000-600000000013', 'LC-13', 1000.00, 900.00, NOW(), 'Job 13', 500.00, 450.00, 2000.00, NOW(), '00000000-0000-0000-0000-200000000013', '00000000-0000-0000-0000-300000000013'),
('00000000-0000-0000-0000-600000000014', 'LC-14', 1000.00, 900.00, NOW(), 'Job 14', 500.00, 450.00, 2000.00, NOW(), '00000000-0000-0000-0000-200000000014', '00000000-0000-0000-0000-300000000014'),
('00000000-0000-0000-0000-600000000015', 'LC-15', 1000.00, 900.00, NOW(), 'Job 15', 500.00, 450.00, 2000.00, NOW(), '00000000-0000-0000-0000-200000000015', '00000000-0000-0000-0000-300000000015');

INSERT INTO public.materials_of_cost_estimate (cost_est_id, material_material_id, labor_cost, material_cost, note) VALUES
('00000000-0000-0000-0000-700000000001', '00000000-0000-0000-0000-600000000001', '100', '200', 'Note 1'),
('00000000-0000-0000-0000-700000000002', '00000000-0000-0000-0000-600000000002', '100', '200', 'Note 2'),
('00000000-0000-0000-0000-700000000003', '00000000-0000-0000-0000-600000000003', '100', '200', 'Note 3'),
('00000000-0000-0000-0000-700000000004', '00000000-0000-0000-0000-600000000004', '100', '200', 'Note 4'),
('00000000-0000-0000-0000-700000000005', '00000000-0000-0000-0000-600000000005', '100', '200', 'Note 5'),
('00000000-0000-0000-0000-700000000006', '00000000-0000-0000-0000-600000000006', '100', '200', 'Note 6'),
('00000000-0000-0000-0000-700000000007', '00000000-0000-0000-0000-600000000007', '100', '200', 'Note 7'),
('00000000-0000-0000-0000-700000000008', '00000000-0000-0000-0000-600000000008', '100', '200', 'Note 8'),
('00000000-0000-0000-0000-700000000009', '00000000-0000-0000-0000-600000000009', '100', '200', 'Note 9'),
('00000000-0000-0000-0000-700000000010', '00000000-0000-0000-0000-600000000010', '100', '200', 'Note 10'),
('00000000-0000-0000-0000-700000000011', '00000000-0000-0000-0000-600000000011', '100', '200', 'Note 11'),
('00000000-0000-0000-0000-700000000012', '00000000-0000-0000-0000-600000000012', '100', '200', 'Note 12'),
('00000000-0000-0000-0000-700000000013', '00000000-0000-0000-0000-600000000013', '100', '200', 'Note 13'),
('00000000-0000-0000-0000-700000000014', '00000000-0000-0000-0000-600000000014', '100', '200', 'Note 14'),
('00000000-0000-0000-0000-700000000015', '00000000-0000-0000-0000-600000000015', '100', '200', 'Note 15');

INSERT INTO public.materials_of_settlement (settlement_id, material_material_id, labor_cost, material_cost, note) VALUES
('00000000-0000-0000-0000-800000000001', '00000000-0000-0000-0000-600000000001', '110', '210', 'Note Set 1'),
('00000000-0000-0000-0000-800000000002', '00000000-0000-0000-0000-600000000002', '110', '210', 'Note Set 2'),
('00000000-0000-0000-0000-800000000003', '00000000-0000-0000-0000-600000000003', '110', '210', 'Note Set 3'),
('00000000-0000-0000-0000-800000000004', '00000000-0000-0000-0000-600000000004', '110', '210', 'Note Set 4'),
('00000000-0000-0000-0000-800000000005', '00000000-0000-0000-0000-600000000005', '110', '210', 'Note Set 5'),
('00000000-0000-0000-0000-800000000006', '00000000-0000-0000-0000-600000000006', '110', '210', 'Note Set 6'),
('00000000-0000-0000-0000-800000000007', '00000000-0000-0000-0000-600000000007', '110', '210', 'Note Set 7'),
('00000000-0000-0000-0000-800000000008', '00000000-0000-0000-0000-600000000008', '110', '210', 'Note Set 8'),
('00000000-0000-0000-0000-800000000009', '00000000-0000-0000-0000-600000000009', '110', '210', 'Note Set 9'),
('00000000-0000-0000-0000-800000000010', '00000000-0000-0000-0000-600000000010', '110', '210', 'Note Set 10'),
('00000000-0000-0000-0000-800000000011', '00000000-0000-0000-0000-600000000011', '110', '210', 'Note Set 11'),
('00000000-0000-0000-0000-800000000012', '00000000-0000-0000-0000-600000000012', '110', '210', 'Note Set 12'),
('00000000-0000-0000-0000-800000000013', '00000000-0000-0000-0000-600000000013', '110', '210', 'Note Set 13'),
('00000000-0000-0000-0000-800000000014', '00000000-0000-0000-0000-600000000014', '110', '210', 'Note Set 14'),
('00000000-0000-0000-0000-800000000015', '00000000-0000-0000-0000-600000000015', '110', '210', 'Note Set 15');

INSERT INTO public.water_meter_type (type_id, created_at, diameter, max_index, meter_model, name, origin, qmin, qn, qt, size, updated_at) VALUES
('00000000-0000-0000-0000-900000000001', NOW(), 20.5, '999999', 'Model 1', 'Type 1', 'Origin 1', '1.5', '2.5', '3.5', 16, NOW()),
('00000000-0000-0000-0000-900000000002', NOW(), 20.5, '999999', 'Model 2', 'Type 2', 'Origin 2', '1.5', '2.5', '3.5', 17, NOW()),
('00000000-0000-0000-0000-900000000003', NOW(), 20.5, '999999', 'Model 3', 'Type 3', 'Origin 3', '1.5', '2.5', '3.5', 18, NOW()),
('00000000-0000-0000-0000-900000000004', NOW(), 20.5, '999999', 'Model 4', 'Type 4', 'Origin 4', '1.5', '2.5', '3.5', 19, NOW()),
('00000000-0000-0000-0000-900000000005', NOW(), 20.5, '999999', 'Model 5', 'Type 5', 'Origin 5', '1.5', '2.5', '3.5', 20, NOW()),
('00000000-0000-0000-0000-900000000006', NOW(), 20.5, '999999', 'Model 6', 'Type 6', 'Origin 6', '1.5', '2.5', '3.5', 21, NOW()),
('00000000-0000-0000-0000-900000000007', NOW(), 20.5, '999999', 'Model 7', 'Type 7', 'Origin 7', '1.5', '2.5', '3.5', 22, NOW()),
('00000000-0000-0000-0000-900000000008', NOW(), 20.5, '999999', 'Model 8', 'Type 8', 'Origin 8', '1.5', '2.5', '3.5', 23, NOW()),
('00000000-0000-0000-0000-900000000009', NOW(), 20.5, '999999', 'Model 9', 'Type 9', 'Origin 9', '1.5', '2.5', '3.5', 24, NOW()),
('00000000-0000-0000-0000-900000000010', NOW(), 20.5, '999999', 'Model 10', 'Type 10', 'Origin 10', '1.5', '2.5', '3.5', 25, NOW()),
('00000000-0000-0000-0000-900000000011', NOW(), 20.5, '999999', 'Model 11', 'Type 11', 'Origin 11', '1.5', '2.5', '3.5', 26, NOW()),
('00000000-0000-0000-0000-900000000012', NOW(), 20.5, '999999', 'Model 12', 'Type 12', 'Origin 12', '1.5', '2.5', '3.5', 27, NOW()),
('00000000-0000-0000-0000-900000000013', NOW(), 20.5, '999999', 'Model 13', 'Type 13', 'Origin 13', '1.5', '2.5', '3.5', 28, NOW()),
('00000000-0000-0000-0000-900000000014', NOW(), 20.5, '999999', 'Model 14', 'Type 14', 'Origin 14', '1.5', '2.5', '3.5', 29, NOW()),
('00000000-0000-0000-0000-900000000015', NOW(), 20.5, '999999', 'Model 15', 'Type 15', 'Origin 15', '1.5', '2.5', '3.5', 30, NOW());

INSERT INTO public.water_meter (meter_code, installation_date, size, water_meter_type_id) VALUES
('00000000-0000-0000-0000-A00000000001', '2023-01-01', 21, '00000000-0000-0000-0000-900000000001'),
('00000000-0000-0000-0000-A00000000002', '2023-01-01', 22, '00000000-0000-0000-0000-900000000002'),
('00000000-0000-0000-0000-A00000000003', '2023-01-01', 23, '00000000-0000-0000-0000-900000000003'),
('00000000-0000-0000-0000-A00000000004', '2023-01-01', 24, '00000000-0000-0000-0000-900000000004'),
('00000000-0000-0000-0000-A00000000005', '2023-01-01', 25, '00000000-0000-0000-0000-900000000005'),
('00000000-0000-0000-0000-A00000000006', '2023-01-01', 26, '00000000-0000-0000-0000-900000000006'),
('00000000-0000-0000-0000-A00000000007', '2023-01-01', 27, '00000000-0000-0000-0000-900000000007'),
('00000000-0000-0000-0000-A00000000008', '2023-01-01', 28, '00000000-0000-0000-0000-900000000008'),
('00000000-0000-0000-0000-A00000000009', '2023-01-01', 29, '00000000-0000-0000-0000-900000000009'),
('00000000-0000-0000-0000-A00000000010', '2023-01-01', 30, '00000000-0000-0000-0000-900000000010'),
('00000000-0000-0000-0000-A00000000011', '2023-01-01', 31, '00000000-0000-0000-0000-900000000011'),
('00000000-0000-0000-0000-A00000000012', '2023-01-01', 32, '00000000-0000-0000-0000-900000000012'),
('00000000-0000-0000-0000-A00000000013', '2023-01-01', 33, '00000000-0000-0000-0000-900000000013'),
('00000000-0000-0000-0000-A00000000014', '2023-01-01', 34, '00000000-0000-0000-0000-900000000014'),
('00000000-0000-0000-0000-A00000000015', '2023-01-01', 35, '00000000-0000-0000-0000-900000000015');

INSERT INTO public.usage_history (meter_code, usages) VALUES
('00000000-0000-0000-0000-A00000000001', '{"2023-01": 10, "2023-02": 12}'),
('00000000-0000-0000-0000-A00000000002', '{"2023-01": 10, "2023-02": 12}'),
('00000000-0000-0000-0000-A00000000003', '{"2023-01": 10, "2023-02": 12}'),
('00000000-0000-0000-0000-A00000000004', '{"2023-01": 10, "2023-02": 12}'),
('00000000-0000-0000-0000-A00000000005', '{"2023-01": 10, "2023-02": 12}'),
('00000000-0000-0000-0000-A00000000006', '{"2023-01": 10, "2023-02": 12}'),
('00000000-0000-0000-0000-A00000000007', '{"2023-01": 10, "2023-02": 12}'),
('00000000-0000-0000-0000-A00000000008', '{"2023-01": 10, "2023-02": 12}'),
('00000000-0000-0000-0000-A00000000009', '{"2023-01": 10, "2023-02": 12}'),
('00000000-0000-0000-0000-A00000000010', '{"2023-01": 10, "2023-02": 12}'),
('00000000-0000-0000-0000-A00000000011', '{"2023-01": 10, "2023-02": 12}'),
('00000000-0000-0000-0000-A00000000012', '{"2023-01": 10, "2023-02": 12}'),
('00000000-0000-0000-0000-A00000000013', '{"2023-01": 10, "2023-02": 12}'),
('00000000-0000-0000-0000-A00000000014', '{"2023-01": 10, "2023-02": 12}'),
('00000000-0000-0000-0000-A00000000015', '{"2023-01": 10, "2023-02": 12}');

INSERT INTO public.water_price (price_id, application_period, created_at, description, environment_price, expiration_date, tax, updated_at, usage_target) VALUES
('00000000-0000-0000-0000-B00000000001', '2023-01-01', NOW(), 'Desc 1', 500.00, '2024-01-01', 10.00, NOW(), 'DOMESTIC'),
('00000000-0000-0000-0000-B00000000002', '2023-01-01', NOW(), 'Desc 2', 500.00, '2024-01-01', 10.00, NOW(), 'INSTITUTIONAL'),
('00000000-0000-0000-0000-B00000000003', '2023-01-01', NOW(), 'Desc 3', 500.00, '2024-01-01', 10.00, NOW(), 'INDUSTRIAL'),
('00000000-0000-0000-0000-B00000000004', '2023-01-01', NOW(), 'Desc 4', 500.00, '2024-01-01', 10.00, NOW(), 'COMMERCIAL'),
('00000000-0000-0000-0000-B00000000005', '2023-01-01', NOW(), 'Desc 5', 500.00, '2024-01-01', 10.00, NOW(), 'DOMESTIC'),
('00000000-0000-0000-0000-B00000000006', '2023-01-01', NOW(), 'Desc 6', 500.00, '2024-01-01', 10.00, NOW(), 'INSTITUTIONAL'),
('00000000-0000-0000-0000-B00000000007', '2023-01-01', NOW(), 'Desc 7', 500.00, '2024-01-01', 10.00, NOW(), 'INDUSTRIAL'),
('00000000-0000-0000-0000-B00000000008', '2023-01-01', NOW(), 'Desc 8', 500.00, '2024-01-01', 10.00, NOW(), 'COMMERCIAL'),
('00000000-0000-0000-0000-B00000000009', '2023-01-01', NOW(), 'Desc 9', 500.00, '2024-01-01', 10.00, NOW(), 'DOMESTIC'),
('00000000-0000-0000-0000-B00000000010', '2023-01-01', NOW(), 'Desc 10', 500.00, '2024-01-01', 10.00, NOW(), 'INSTITUTIONAL'),
('00000000-0000-0000-0000-B00000000011', '2023-01-01', NOW(), 'Desc 11', 500.00, '2024-01-01', 10.00, NOW(), 'INDUSTRIAL'),
('00000000-0000-0000-0000-B00000000012', '2023-01-01', NOW(), 'Desc 12', 500.00, '2024-01-01', 10.00, NOW(), 'COMMERCIAL'),
('00000000-0000-0000-0000-B00000000013', '2023-01-01', NOW(), 'Desc 13', 500.00, '2024-01-01', 10.00, NOW(), 'DOMESTIC'),
('00000000-0000-0000-0000-B00000000014', '2023-01-01', NOW(), 'Desc 14', 500.00, '2024-01-01', 10.00, NOW(), 'INSTITUTIONAL'),
('00000000-0000-0000-0000-B00000000015', '2023-01-01', NOW(), 'Desc 15', 500.00, '2024-01-01', 10.00, NOW(), 'INDUSTRIAL');

INSERT INTO public.water_price_price_types (water_price_price_id, price_types_price_type_id) VALUES
('00000000-0000-0000-0000-B00000000001', '00000000-0000-0000-0000-500000000001'),
('00000000-0000-0000-0000-B00000000002', '00000000-0000-0000-0000-500000000002'),
('00000000-0000-0000-0000-B00000000003', '00000000-0000-0000-0000-500000000003'),
('00000000-0000-0000-0000-B00000000004', '00000000-0000-0000-0000-500000000004'),
('00000000-0000-0000-0000-B00000000005', '00000000-0000-0000-0000-500000000005'),
('00000000-0000-0000-0000-B00000000006', '00000000-0000-0000-0000-500000000006'),
('00000000-0000-0000-0000-B00000000007', '00000000-0000-0000-0000-500000000007'),
('00000000-0000-0000-0000-B00000000008', '00000000-0000-0000-0000-500000000008'),
('00000000-0000-0000-0000-B00000000009', '00000000-0000-0000-0000-500000000009'),
('00000000-0000-0000-0000-B00000000010', '00000000-0000-0000-0000-500000000010'),
('00000000-0000-0000-0000-B00000000011', '00000000-0000-0000-0000-500000000011'),
('00000000-0000-0000-0000-B00000000012', '00000000-0000-0000-0000-500000000012'),
('00000000-0000-0000-0000-B00000000013', '00000000-0000-0000-0000-500000000013'),
('00000000-0000-0000-0000-B00000000014', '00000000-0000-0000-0000-500000000014'),
('00000000-0000-0000-0000-B00000000015', '00000000-0000-0000-0000-500000000015');
