INSERT INTO public.parameters (param_id, created_at, creator, name, updated_at, updator, value) VALUES
('00000000-0000-0000-0000-100000000001', NOW(), '6e9f757b-6fa1-4aa6-b7cb-a4cf2290eb20', 'Param 1', NOW(), '6e9f757b-6fa1-4aa6-b7cb-a4cf2290eb20', 101),
('00000000-0000-0000-0000-100000000002', NOW(), '14c5879c-a6c4-45a6-846b-39d2b9d8c961', 'Param 2', NOW(), '14c5879c-a6c4-45a6-846b-39d2b9d8c961', 102),
('00000000-0000-0000-0000-100000000003', NOW(), 'c8357517-3149-41b4-9b2c-881d5a40840a', 'Param 3', NOW(), 'c8357517-3149-41b4-9b2c-881d5a40840a', 103),
('00000000-0000-0000-0000-100000000004', NOW(), 'bd5bc9bb-303d-425f-9f2e-90f83ef75ee8', 'Param 4', NOW(), 'bd5bc9bb-303d-425f-9f2e-90f83ef75ee8', 104),
('00000000-0000-0000-0000-100000000005', NOW(), '1cef2ae0-3151-405c-b717-61be20679d79', 'Param 5', NOW(), '1cef2ae0-3151-405c-b717-61be20679d79', 105),
('00000000-0000-0000-0000-100000000006', NOW(), '71bc19b9-4a86-4ff9-aa26-3fc037569cfd', 'Param 6', NOW(), '71bc19b9-4a86-4ff9-aa26-3fc037569cfd', 106),
('00000000-0000-0000-0000-100000000007', NOW(), 'eae87df0-7f02-47b9-baa2-ac2bc9ea61fb', 'Param 7', NOW(), 'eae87df0-7f02-47b9-baa2-ac2bc9ea61fb', 107),
('00000000-0000-0000-0000-100000000008', NOW(), 'd4039a01-4408-4fad-8676-05ef81532eb5', 'Param 8', NOW(), 'd4039a01-4408-4fad-8676-05ef81532eb5', 108),
('00000000-0000-0000-0000-100000000009', NOW(), 'e6876430-7145-4e43-aac3-dd53ca4f068a', 'Param 9', NOW(), 'e6876430-7145-4e43-aac3-dd53ca4f068a', 109),
('00000000-0000-0000-0000-100000000010', NOW(), '67d04cc3-b4b8-44b9-ba41-91a1e477617a', 'Param 10', NOW(), '67d04cc3-b4b8-44b9-ba41-91a1e477617a', 110),
('00000000-0000-0000-0000-100000000011', NOW(), '6e9f757b-6fa1-4aa6-b7cb-a4cf2290eb20', 'Param 11', NOW(), '6e9f757b-6fa1-4aa6-b7cb-a4cf2290eb20', 111),
('00000000-0000-0000-0000-100000000012', NOW(), '14c5879c-a6c4-45a6-846b-39d2b9d8c961', 'Param 12', NOW(), '14c5879c-a6c4-45a6-846b-39d2b9d8c961', 112),
('00000000-0000-0000-0000-100000000013', NOW(), 'c8357517-3149-41b4-9b2c-881d5a40840a', 'Param 13', NOW(), 'c8357517-3149-41b4-9b2c-881d5a40840a', 113),
('00000000-0000-0000-0000-100000000014', NOW(), 'bd5bc9bb-303d-425f-9f2e-90f83ef75ee8', 'Param 14', NOW(), 'bd5bc9bb-303d-425f-9f2e-90f83ef75ee8', 114),
('00000000-0000-0000-0000-100000000015', NOW(), '1cef2ae0-3151-405c-b717-61be20679d79', 'Param 15', NOW(), '1cef2ae0-3151-405c-b717-61be20679d79', 115);

INSERT INTO public.materials_group (group_id, created_at, name, updated_at) VALUES
('00000000-0000-0000-0000-200000000001', NOW(), 'Bu', NOW()),
('00000000-0000-0000-0000-200000000002', NOW(), 'Côn', NOW()),
('00000000-0000-0000-0000-200000000003', NOW(), 'Công', NOW()),
('00000000-0000-0000-0000-200000000004', NOW(), 'Cút', NOW()),
('00000000-0000-0000-0000-200000000005', NOW(), 'Đầu bịt', NOW()),
('00000000-0000-0000-0000-200000000006', NOW(), 'Đầu gai', NOW()),
('00000000-0000-0000-0000-200000000007', NOW(), 'Đồng hồ', NOW()),
('00000000-0000-0000-0000-200000000008', NOW(), 'Đai khởi thủy', NOW()),
('00000000-0000-0000-0000-200000000009', NOW(), 'Hộp đồng hồ', NOW()),
('00000000-0000-0000-0000-200000000010', NOW(), 'Không là vật tư', NOW());

INSERT INTO public.unit (unit_id, created_at, name, updated_at) VALUES
('00000000-0000-0000-0000-300000000001', NOW(), 'Bình', NOW()),
('00000000-0000-0000-0000-300000000002', NOW(), 'Bộ', NOW()),
('00000000-0000-0000-0000-300000000003', NOW(), 'Ca', NOW()),
('00000000-0000-0000-0000-300000000004', NOW(), 'Cái', NOW()),
('00000000-0000-0000-0000-300000000005', NOW(), 'Con', NOW()),
('00000000-0000-0000-0000-300000000006', NOW(), 'Công', NOW()),
('00000000-0000-0000-0000-300000000007', NOW(), 'Cuộn', NOW()),
('00000000-0000-0000-0000-300000000008', NOW(), 'Điểm', NOW()),
('00000000-0000-0000-0000-300000000009', NOW(), 'Đoạn', NOW()),
('00000000-0000-0000-0000-300000000010', NOW(), 'Đồng', NOW()),
('00000000-0000-0000-0000-300000000011', NOW(), 'Hố', NOW()),
('00000000-0000-0000-0000-300000000012', NOW(), 'Hộ', NOW()),
('00000000-0000-0000-0000-300000000013', NOW(), 'KG', NOW()),
('00000000-0000-0000-0000-300000000014', NOW(), 'Lít', NOW()),
('00000000-0000-0000-0000-300000000015', NOW(), 'Lon', NOW()),
('00000000-0000-0000-0000-300000000016', NOW(), 'Lưỡi', NOW()),
('00000000-0000-0000-0000-300000000017', NOW(), 'M2', NOW()),
('00000000-0000-0000-0000-300000000018', NOW(), 'M3', NOW()),
('00000000-0000-0000-0000-300000000019', NOW(), 'Mét', NOW()),
('00000000-0000-0000-0000-300000000020', NOW(), 'Mối', NOW()),
('00000000-0000-0000-0000-300000000021', NOW(), 'Ống', NOW()),
('00000000-0000-0000-0000-300000000022', NOW(), 'Quyển', NOW()),
('00000000-0000-0000-0000-300000000023', NOW(), 'Tấm', NOW()),
('00000000-0000-0000-0000-300000000024', NOW(), 'Tuýp', NOW()),
('00000000-0000-0000-0000-300000000025', NOW(), 'Viên', NOW());

INSERT INTO public.overall_water_meter (meter_code, lateral_id, name) VALUES
('00000000-0000-0000-0000-400000000001', 'LAT1', 'Overall Meter 1'),
('00000000-0000-0000-0000-400000000002', 'LAT2', 'Overall Meter 2'),
('00000000-0000-0000-0000-400000000003', 'LAT3', 'Overall Meter 3'),
('00000000-0000-0000-0000-400000000004', 'LAT4', 'Overall Meter 4'),
('00000000-0000-0000-0000-400000000005', 'LAT5', 'Overall Meter 5'),
('00000000-0000-0000-0000-400000000006', 'LAT6', 'Overall Meter 6'),
('00000000-0000-0000-0000-400000000007', 'LAT7', 'Overall Meter 7'),
('00000000-0000-0000-0000-400000000008', 'LAT8', 'Overall Meter 8'),
('00000000-0000-0000-0000-400000000009', 'LAT9', 'Overall Meter 9'),
('00000000-0000-0000-0000-400000000010', 'LAT10', 'Overall Meter 10'),
('00000000-0000-0000-0000-400000000011', 'LAT11', 'Overall Meter 11'),
('00000000-0000-0000-0000-400000000012', 'LAT12', 'Overall Meter 12'),
('00000000-0000-0000-0000-400000000013', 'LAT13', 'Overall Meter 13'),
('00000000-0000-0000-0000-400000000014', 'LAT14', 'Overall Meter 14'),
('00000000-0000-0000-0000-400000000015', 'LAT15', 'Overall Meter 15');

INSERT INTO public.price_type (price_type_id, area, price) VALUES
('00000000-0000-0000-0000-500000000001', '1', '{"price": 8000, "step": 1}'),
('00000000-0000-0000-0000-500000000002', '1', '{"price": 9600, "step": 2}'),
('00000000-0000-0000-0000-500000000003', '1', '{"price": 11200, "step": 3}'),
('00000000-0000-0000-0000-500000000004', '1', '{"price": 11800}'),
('00000000-0000-0000-0000-500000000005', '1', '{"price": 12500}'),
('00000000-0000-0000-0000-500000000006', '1', '{"price": 20000}'),
('00000000-0000-0000-0000-500000000007', '2', '{"price": 7700, "step": 1}'),
('00000000-0000-0000-0000-500000000008', '2', '{"price": 9600}'),
('00000000-0000-0000-0000-500000000009', '2', '{"price": 12000}'),
('00000000-0000-0000-0000-500000000010', '2', '{"price": 20000}');

INSERT INTO public.material (material_id, labor_code, construction_machinery_price, construction_machinery_price_at_rural_commune, created_at, job_content, labor_price, labor_price_at_rural_commune, price, updated_at, supplies_group_id, calculation_unit_id) VALUES
('00000000-0000-0000-0000-600000000001', 'LC-1', 1000.00, 900.00, NOW(), 'Job 1', 500.00, 450.00, 2000.00, NOW(), '00000000-0000-0000-0000-200000000001', '00000000-0000-0000-0000-300000000001'),
('00000000-0000-0000-0000-600000000002', 'LC-2', 1000.00, 900.00, NOW(), 'Job 2', 500.00, 450.00, 2000.00, NOW(), '00000000-0000-0000-0000-200000000002', '00000000-0000-0000-0000-300000000002'),
('00000000-0000-0000-0000-600000000003', 'LC-3', 1000.00, 900.00, NOW(), 'Job 3', 500.00, 450.00, 2000.00, NOW(), '00000000-0000-0000-0000-200000000003', '00000000-0000-0000-0000-300000000003'),
('00000000-0000-0000-0000-600000000004', 'LC-4', 1000.00, 900.00, NOW(), 'Job 4', 500.00, 450.00, 2000.00, NOW(), '00000000-0000-0000-0000-200000000004', '00000000-0000-0000-0000-300000000004'),
('00000000-0000-0000-0000-600000000005', 'LC-5', 1000.00, 900.00, NOW(), 'Job 5', 500.00, 450.00, 2000.00, NOW(), '00000000-0000-0000-0000-200000000005', '00000000-0000-0000-0000-300000000005'),
('00000000-0000-0000-0000-600000000006', 'LC-6', 1000.00, 900.00, NOW(), 'Job 6', 500.00, 450.00, 2000.00, NOW(), '00000000-0000-0000-0000-200000000006', '00000000-0000-0000-0000-300000000006'),
('00000000-0000-0000-0000-600000000007', 'LC-7', 1000.00, 900.00, NOW(), 'Job 7', 500.00, 450.00, 2000.00, NOW(), '00000000-0000-0000-0000-200000000007', '00000000-0000-0000-0000-300000000007'),
('00000000-0000-0000-0000-600000000008', 'LC-8', 1000.00, 900.00, NOW(), 'Job 8', 500.00, 450.00, 2000.00, NOW(), '00000000-0000-0000-0000-200000000008', '00000000-0000-0000-0000-300000000008'),
('00000000-0000-0000-0000-600000000009', 'LC-9', 1000.00, 900.00, NOW(), 'Job 9', 500.00, 450.00, 2000.00, NOW(), '00000000-0000-0000-0000-200000000009', '00000000-0000-0000-0000-300000000009'),
('00000000-0000-0000-0000-600000000010', 'LC-10', 1000.00, 900.00, NOW(), 'Job 10', 500.00, 450.00, 2000.00, NOW(), '00000000-0000-0000-0000-200000000010', '00000000-0000-0000-0000-300000000010'),
('00000000-0000-0000-0000-600000000011', 'LC-11', 1000.00, 900.00, NOW(), 'Job 11', 500.00, 450.00, 2000.00, NOW(), '00000000-0000-0000-0000-200000000011', '00000000-0000-0000-0000-300000000011'),
('00000000-0000-0000-0000-600000000012', 'LC-12', 1000.00, 900.00, NOW(), 'Job 12', 500.00, 450.00, 2000.00, NOW(), '00000000-0000-0000-0000-200000000012', '00000000-0000-0000-0000-300000000012'),
('00000000-0000-0000-0000-600000000013', 'LC-13', 1000.00, 900.00, NOW(), 'Job 13', 500.00, 450.00, 2000.00, NOW(), '00000000-0000-0000-0000-200000000013', '00000000-0000-0000-0000-300000000013'),
('00000000-0000-0000-0000-600000000014', 'LC-14', 1000.00, 900.00, NOW(), 'Job 14', 500.00, 450.00, 2000.00, NOW(), '00000000-0000-0000-0000-200000000014', '00000000-0000-0000-0000-300000000014'),
('00000000-0000-0000-0000-600000000015', 'LC-15', 1000.00, 900.00, NOW(), 'Job 15', 500.00, 450.00, 2000.00, NOW(), '00000000-0000-0000-0000-200000000015', '00000000-0000-0000-0000-300000000015');

INSERT INTO public.materials_of_cost_estimate (cost_est_id, material_material_id, labor_cost, material_cost, note) VALUES
('00000000-0000-0000-0000-700000000001', '00000000-0000-0000-0000-600000000001', '100', '200', 'Note 1'),
('00000000-0000-0000-0000-700000000002', '00000000-0000-0000-0000-600000000002', '100', '200', 'Note 2'),
('00000000-0000-0000-0000-700000000003', '00000000-0000-0000-0000-600000000003', '100', '200', 'Note 3'),
('00000000-0000-0000-0000-700000000004', '00000000-0000-0000-0000-600000000004', '100', '200', 'Note 4'),
('00000000-0000-0000-0000-700000000005', '00000000-0000-0000-0000-600000000005', '100', '200', 'Note 5'),
('00000000-0000-0000-0000-700000000006', '00000000-0000-0000-0000-600000000006', '100', '200', 'Note 6'),
('00000000-0000-0000-0000-700000000007', '00000000-0000-0000-0000-600000000007', '100', '200', 'Note 7'),
('00000000-0000-0000-0000-700000000008', '00000000-0000-0000-0000-600000000008', '100', '200', 'Note 8'),
('00000000-0000-0000-0000-700000000009', '00000000-0000-0000-0000-600000000009', '100', '200', 'Note 9'),
('00000000-0000-0000-0000-700000000010', '00000000-0000-0000-0000-600000000010', '100', '200', 'Note 10'),
('00000000-0000-0000-0000-700000000011', '00000000-0000-0000-0000-600000000011', '100', '200', 'Note 11'),
('00000000-0000-0000-0000-700000000012', '00000000-0000-0000-0000-600000000012', '100', '200', 'Note 12'),
('00000000-0000-0000-0000-700000000013', '00000000-0000-0000-0000-600000000013', '100', '200', 'Note 13'),
('00000000-0000-0000-0000-700000000014', '00000000-0000-0000-0000-600000000014', '100', '200', 'Note 14'),
('00000000-0000-0000-0000-700000000015', '00000000-0000-0000-0000-600000000015', '100', '200', 'Note 15');

INSERT INTO public.materials_of_settlement (settlement_id, material_material_id, labor_cost, material_cost, note) VALUES
('00000000-0000-0000-0000-800000000001', '00000000-0000-0000-0000-600000000001', '110', '210', 'Note Set 1'),
('00000000-0000-0000-0000-800000000002', '00000000-0000-0000-0000-600000000002', '110', '210', 'Note Set 2'),
('00000000-0000-0000-0000-800000000003', '00000000-0000-0000-0000-600000000003', '110', '210', 'Note Set 3'),
('00000000-0000-0000-0000-800000000004', '00000000-0000-0000-0000-600000000004', '110', '210', 'Note Set 4'),
('00000000-0000-0000-0000-800000000005', '00000000-0000-0000-0000-600000000005', '110', '210', 'Note Set 5'),
('00000000-0000-0000-0000-800000000006', '00000000-0000-0000-0000-600000000006', '110', '210', 'Note Set 6'),
('00000000-0000-0000-0000-800000000007', '00000000-0000-0000-0000-600000000007', '110', '210', 'Note Set 7'),
('00000000-0000-0000-0000-800000000008', '00000000-0000-0000-0000-600000000008', '110', '210', 'Note Set 8'),
('00000000-0000-0000-0000-800000000009', '00000000-0000-0000-0000-600000000009', '110', '210', 'Note Set 9'),
('00000000-0000-0000-0000-800000000010', '00000000-0000-0000-0000-600000000010', '110', '210', 'Note Set 10'),
('00000000-0000-0000-0000-800000000011', '00000000-0000-0000-0000-600000000011', '110', '210', 'Note Set 11'),
('00000000-0000-0000-0000-800000000012', '00000000-0000-0000-0000-600000000012', '110', '210', 'Note Set 12'),
('00000000-0000-0000-0000-800000000013', '00000000-0000-0000-0000-600000000013', '110', '210', 'Note Set 13'),
('00000000-0000-0000-0000-800000000014', '00000000-0000-0000-0000-600000000014', '110', '210', 'Note Set 14'),
('00000000-0000-0000-0000-800000000015', '00000000-0000-0000-0000-600000000015', '110', '210', 'Note Set 15');

INSERT INTO public.water_meter_type (type_id, created_at, diameter, max_index, meter_model, name, origin, qmin, qn, qt, size, updated_at) VALUES
('00000000-0000-0000-0000-900000000001', NOW(), 100.0, '999999', 'WPD-DN100', 'Sensus', 'Sensus', '1.5', '2.5', '3.5', 100, NOW()),
('00000000-0000-0000-0000-900000000002', NOW(), 50.0, '999999', 'DN50 cấp B', 'Woltek', 'Woltek', '1.5', '2.5', '3.5', 50, NOW()),
('00000000-0000-0000-0000-900000000003', NOW(), 25.0, '999999', 'DN25 cấp C', 'Flodis', 'Flodis', '1.5', '2.5', '3.5', 25, NOW()),
('00000000-0000-0000-0000-900000000004', NOW(), 32.0, '999999', 'DN32 cấp C', 'Flodis', 'Flodis', '1.5', '2.5', '3.5', 32, NOW()),
('00000000-0000-0000-0000-900000000005', NOW(), 50.0, '999999', 'DN50 cấp C', 'Flostar', 'Flostar', '1.5', '2.5', '3.5', 50, NOW()),
('00000000-0000-0000-0000-900000000006', NOW(), 15.0, '999999', 'Mẫu tiêu chuẩn', 'Woltex', 'Indonesia', '1.5', '2.5', '3.5', 15, NOW()),
('00000000-0000-0000-0000-900000000007', NOW(), 25.0, '999999', 'Tốc độ-Đa tia', 'Đồng hồ đo nước Multimag Cyble', 'Itron', '1.5', '2.5', '3.5', 25, NOW()),
('00000000-0000-0000-0000-900000000008', NOW(), 15.0, '999999', 'Đồng hồ CD SD Plus là đồng hồ đơn tia mặt số khô', 'Đồng hồ đo nước Maddalena-Italia DN15 Cấp C', 'Italia', '1.5', '2.5', '10.0', 15, NOW()),
('00000000-0000-0000-0000-900000000009', NOW(), 15.0, '999999', 'Mẫu tiêu chuẩn', 'Bồ Đào Nha', 'Bồ Đào Nha', '1.5', '2.5', '3.5', 15, NOW()),
('00000000-0000-0000-0000-900000000010', NOW(), 15.0, '999999', 'Mẫu tiêu chuẩn', 'Kent KSM (bảo dưỡng)', 'Malaysia', '1.5', '2.5', '3.5', 15, NOW()),
('00000000-0000-0000-0000-900000000011', NOW(), 15.0, '999999', 'Sima', 'Multimag S - Cấp C', 'PHÁP', '1.5', '2.5', '3.5', 15, NOW()),
('00000000-0000-0000-0000-900000000012', NOW(), 32.0, '999999', 'Mẫu tiêu chuẩn', 'Multimag (32)', 'Pháp', '1.5', '2.5', '3.5', 32, NOW()),
('00000000-0000-0000-0000-900000000013', NOW(), 50.0, '999999', 'Mẫu tiêu chuẩn', 'Đồng hồ đo nước hãng Itron hiệu Woltex cấp B', 'Pháp', '1.5', '2.5', '3.5', 50, NOW()),
('00000000-0000-0000-0000-900000000014', NOW(), 15.0, '999999', 'cơ điện tử', 'Thái Aichi', 'Thái Lan', '1.5', '2.5', '3.5', 15, NOW()),
('00000000-0000-0000-0000-900000000015', NOW(), 15.0, '999999', 'Mẫu tiêu chuẩn', 'Pháp Multimag', 'Pháp', '1.5', '2.5', '3.5', 15, NOW()),
('00000000-0000-0000-0000-900000000016', NOW(), 15.0, '999999', 'Mẫu tiêu chuẩn', 'Arad-Israel', 'Israel', '1.5', '2.5', '3.5', 15, NOW()),
('00000000-0000-0000-0000-900000000017', NOW(), 15.0, '999999', 'Mẫu tiêu chuẩn', 'Klepsan - Cấp C', 'Thổ Nhĩ Kỳ', '1.5', '2.5', '3.5', 15, NOW()),
('00000000-0000-0000-0000-900000000018', NOW(), 15.0, '999999', 'Mẫu tiêu chuẩn', 'Malaysia Ken', 'Malaysia', '1.5', '2.5', '3.5', 15, NOW()),
('00000000-0000-0000-0000-900000000019', NOW(), 15.0, '999999', 'Mẫu tiêu chuẩn', 'Đồng hồ xuất xứ từ Đức', 'Đức', '1.5', '2.5', '3.5', 15, NOW()),
('00000000-0000-0000-0000-900000000020', NOW(), 15.0, '999999', 'Mẫu tiêu chuẩn', 'Quốc Phòng', 'Quốc Phòng', '1.5', '2.5', '3.5', 15, NOW());

INSERT INTO public.water_meter (meter_code, installation_date, size, water_meter_type_id) VALUES
('00000000-0000-0000-0000-A00000000001', '2023-01-01', 21, '00000000-0000-0000-0000-900000000001'),
('00000000-0000-0000-0000-A00000000002', '2023-01-01', 22, '00000000-0000-0000-0000-900000000002'),
('00000000-0000-0000-0000-A00000000003', '2023-01-01', 23, '00000000-0000-0000-0000-900000000003'),
('00000000-0000-0000-0000-A00000000004', '2023-01-01', 24, '00000000-0000-0000-0000-900000000004'),
('00000000-0000-0000-0000-A00000000005', '2023-01-01', 25, '00000000-0000-0000-0000-900000000005'),
('00000000-0000-0000-0000-A00000000006', '2023-01-01', 26, '00000000-0000-0000-0000-900000000006'),
('00000000-0000-0000-0000-A00000000007', '2023-01-01', 27, '00000000-0000-0000-0000-900000000007'),
('00000000-0000-0000-0000-A00000000008', '2023-01-01', 28, '00000000-0000-0000-0000-900000000008'),
('00000000-0000-0000-0000-A00000000009', '2023-01-01', 29, '00000000-0000-0000-0000-900000000009'),
('00000000-0000-0000-0000-A00000000010', '2023-01-01', 30, '00000000-0000-0000-0000-900000000010'),
('00000000-0000-0000-0000-A00000000011', '2023-01-01', 31, '00000000-0000-0000-0000-900000000011'),
('00000000-0000-0000-0000-A00000000012', '2023-01-01', 32, '00000000-0000-0000-0000-900000000012'),
('00000000-0000-0000-0000-A00000000013', '2023-01-01', 33, '00000000-0000-0000-0000-900000000013'),
('00000000-0000-0000-0000-A00000000014', '2023-01-01', 34, '00000000-0000-0000-0000-900000000014'),
('00000000-0000-0000-0000-A00000000015', '2023-01-01', 35, '00000000-0000-0000-0000-900000000015');

INSERT INTO public.usage_history (meter_code, usages) VALUES
('00000000-0000-0000-0000-A00000000001', '{"2023-01": 10, "2023-02": 12}'),
('00000000-0000-0000-0000-A00000000002', '{"2023-01": 10, "2023-02": 12}'),
('00000000-0000-0000-0000-A00000000003', '{"2023-01": 10, "2023-02": 12}'),
('00000000-0000-0000-0000-A00000000004', '{"2023-01": 10, "2023-02": 12}'),
('00000000-0000-0000-0000-A00000000005', '{"2023-01": 10, "2023-02": 12}'),
('00000000-0000-0000-0000-A00000000006', '{"2023-01": 10, "2023-02": 12}'),
('00000000-0000-0000-0000-A00000000007', '{"2023-01": 10, "2023-02": 12}'),
('00000000-0000-0000-0000-A00000000008', '{"2023-01": 10, "2023-02": 12}'),
('00000000-0000-0000-0000-A00000000009', '{"2023-01": 10, "2023-02": 12}'),
('00000000-0000-0000-0000-A00000000010', '{"2023-01": 10, "2023-02": 12}'),
('00000000-0000-0000-0000-A00000000011', '{"2023-01": 10, "2023-02": 12}'),
('00000000-0000-0000-0000-A00000000012', '{"2023-01": 10, "2023-02": 12}'),
('00000000-0000-0000-0000-A00000000013', '{"2023-01": 10, "2023-02": 12}'),
('00000000-0000-0000-0000-A00000000014', '{"2023-01": 10, "2023-02": 12}'),
('00000000-0000-0000-0000-A00000000015', '{"2023-01": 10, "2023-02": 12}');

INSERT INTO public.water_price (price_id, application_period, created_at, description, environment_price, expiration_date, tax, updated_at, usage_target) VALUES
('00000000-0000-0000-0000-B00000000001', '2018-01-01', NOW(), 'Giá nước sinh hoạt dân cư mức 1 khu vực 1', 10.00, '2019-01-01', 400000.00, NOW(), 'DOMESTIC'),
('00000000-0000-0000-0000-B00000000005', '2019-02-01', NOW(), 'Giá nước sinh hoạt dân cư mức 2 khu vực 1', 10.00, '2019-04-01', 480000.00, NOW(), 'DOMESTIC'),
('00000000-0000-0000-0000-B00000000009', '2019-05-01', NOW(), 'Giá nước sinh hoạt dân cư mức 3 khu vực 1', 10.00, '2019-06-01', 560000.00, NOW(), 'DOMESTIC'),
('00000000-0000-0000-0000-B00000000013', '2019-07-01', NOW(), 'Giá nước sinh hoạt dân cư khu vực 2', 10.00, '2050-01-01', 385000.00, NOW(), 'DOMESTIC'),
('00000000-0000-0000-0000-B00000000002', '2018-01-01', NOW(), 'Giá nước hành chính sự nghiệp khu vực 1', 10.00, '2019-01-01', 590000.00, NOW(), 'INSTITUTIONAL'),
('00000000-0000-0000-0000-B00000000006', '2019-02-01', NOW(), 'Giá nước hành chính sự nghiệp khu vực 2', 10.00, '2019-04-01', 480000.00, NOW(), 'INSTITUTIONAL'),
('00000000-0000-0000-0000-B00000000003', '2018-01-01', NOW(), 'Giá nước sản xuất vật chất khu vực 1', 10.00, '2019-01-01', 625000.00, NOW(), 'INDUSTRIAL'),
('00000000-0000-0000-0000-B00000000007', '2019-02-01', NOW(), 'Giá nước sản xuất vật chất khu vực 2', 10.00, '2019-04-01', 500000.00, NOW(), 'INDUSTRIAL'),
('00000000-0000-0000-0000-B00000000004', '2018-01-01', NOW(), 'Giá nước kinh doanh dịch vụ khu vực 1', 10.00, '2019-01-01', 1000000.00, NOW(), 'COMMERCIAL'),
('00000000-0000-0000-0000-B00000000008', '2019-02-01', NOW(), 'Giá nước kinh doanh dịch vụ khu vực 2', 10.00, '2019-04-01', 1000000.00, NOW(), 'COMMERCIAL');

INSERT INTO public.water_price_price_types (water_price_price_id, price_types_price_type_id) VALUES
('00000000-0000-0000-0000-B00000000001', '00000000-0000-0000-0000-500000000001'),
('00000000-0000-0000-0000-B00000000005', '00000000-0000-0000-0000-500000000002'),
('00000000-0000-0000-0000-B00000000009', '00000000-0000-0000-0000-500000000003'),
('00000000-0000-0000-0000-B00000000013', '00000000-0000-0000-0000-500000000007'),
('00000000-0000-0000-0000-B00000000002', '00000000-0000-0000-0000-500000000004'),
('00000000-0000-0000-0000-B00000000006', '00000000-0000-0000-0000-500000000008'),
('00000000-0000-0000-0000-B00000000003', '00000000-0000-0000-0000-500000000005'),
('00000000-0000-0000-0000-B00000000007', '00000000-0000-0000-0000-500000000009'),
('00000000-0000-0000-0000-B00000000004', '00000000-0000-0000-0000-500000000006'),
('00000000-0000-0000-0000-B00000000008', '00000000-0000-0000-0000-500000000010');
